filename,label
Image_1.jpg,SOUTHERN DOGFACE
Image_2.jpg,ADONIS
Image_3.jpg,BROWN SIPROETA
Image_4.jpg,MONARCH
Image_5.jpg,GREEN CELLED CATTLEHEART
Image_8.jpg,EASTERN DAPPLE WHITE
Image_11.jpg,MANGROVE SKIPPER
Image_13.jpg,CABBAGE WHITE
Image_14.jpg,RED ADMIRAL
Image_16.jpg,MANGROVE SKIPPER
Image_18.jpg,SOOTYWING
Image_21.jpg,CHECQUERED SKIPPER
Image_23.jpg,COMMON WOOD-NYMPH
Image_24.jpg,BLUE MORPHO
Image_25.jpg,CLOUDED SULPHUR
Image_26.jpg,STRAITED QUEEN
Image_28.jpg,PURPLISH COPPER
Image_31.jpg,IPHICLUS SISTER
Image_34.jpg,BLACK HAIRSTREAK
Image_35.jpg,DANAID EGGFLY
Image_37.jpg,LARGE MARBLE
Image_39.jpg,PIPEVINE SWALLOW
Image_47.jpg,CRIMSON PATCH
Image_50.jpg,DANAID EGGFLY
Image_52.jpg,COMMON WOOD-NYMPH
Image_53.jpg,SCARCE SWALLOW
Image_54.jpg,DANAID EGGFLY
Image_55.jpg,ORANGE OAKLEAF
Image_61.jpg,INDRA SWALLOW
Image_63.jpg,VICEROY
Image_64.jpg,MALACHITE
Image_67.jpg,MANGROVE SKIPPER
Image_68.jpg,RED ADMIRAL
Image_71.jpg,MONARCH
Image_73.jpg,RED CRACKER
Image_74.jpg,MOURNING CLOAK
Image_76.jpg,PAPER KITE
Image_77.jpg,QUESTION MARK
Image_83.jpg,INDRA SWALLOW
Image_84.jpg,PAINTED LADY
Image_87.jpg,GREEN CELLED CATTLEHEART
Image_95.jpg,CRIMSON PATCH
Image_103.jpg,COPPER TAIL
Image_104.jpg,ATALA
Image_105.jpg,BROWN SIPROETA
Image_106.jpg,DANAID EGGFLY
Image_107.jpg,MILBERTS TORTOISESHELL
Image_108.jpg,INDRA SWALLOW
Image_109.jpg,SILVER SPOT SKIPPER
Image_110.jpg,PURPLISH COPPER
Image_113.jpg,DANAID EGGFLY
Image_114.jpg,BLACK HAIRSTREAK
Image_116.jpg,CABBAGE WHITE
Image_118.jpg,BECKERS WHITE
Image_119.jpg,CABBAGE WHITE
Image_121.jpg,JULIA
Image_122.jpg,BLUE SPOTTED CROW
Image_124.jpg,MONARCH
Image_126.jpg,MANGROVE SKIPPER
Image_128.jpg,COMMON BANDED AWL
Image_132.jpg,GREAT JAY
Image_133.jpg,SOUTHERN DOGFACE
Image_136.jpg,CABBAGE WHITE
Image_137.jpg,CLOUDED SULPHUR
Image_138.jpg,METALMARK
Image_139.jpg,TROPICAL LEAFWING
Image_140.jpg,GREEN CELLED CATTLEHEART
Image_141.jpg,SLEEPY ORANGE
Image_142.jpg,PURPLE HAIRSTREAK
Image_144.jpg,ELBOWED PIERROT
Image_145.jpg,SOUTHERN DOGFACE
Image_148.jpg,CRECENT
Image_149.jpg,PURPLISH COPPER
Image_150.jpg,ORANGE TIP
Image_151.jpg,RED SPOTTED PURPLE
Image_152.jpg,GREAT EGGFLY
Image_153.jpg,MOURNING CLOAK
Image_155.jpg,ORCHARD SWALLOW
Image_157.jpg,ZEBRA LONG WING
Image_158.jpg,WOOD SATYR
Image_159.jpg,ZEBRA LONG WING
Image_161.jpg,PEACOCK
Image_163.jpg,COMMON WOOD-NYMPH
Image_164.jpg,CABBAGE WHITE
Image_165.jpg,PURPLISH COPPER
Image_166.jpg,PEACOCK
Image_167.jpg,SOOTYWING
Image_170.jpg,CRECENT
Image_173.jpg,TROPICAL LEAFWING
Image_174.jpg,RED SPOTTED PURPLE
Image_175.jpg,QUESTION MARK
Image_176.jpg,MESTRA
Image_179.jpg,RED SPOTTED PURPLE
Image_181.jpg,ULYSES
Image_183.jpg,SOOTYWING
Image_186.jpg,STRAITED QUEEN
Image_187.jpg,EASTERN COMA
Image_188.jpg,ELBOWED PIERROT
Image_189.jpg,BANDED PEACOCK
Image_190.jpg,TROPICAL LEAFWING
Image_192.jpg,EASTERN DAPPLE WHITE
Image_194.jpg,SILVER SPOT SKIPPER
Image_199.jpg,EASTERN PINE ELFIN
Image_201.jpg,EASTERN COMA
Image_204.jpg,YELLOW SWALLOW TAIL
Image_205.jpg,PURPLISH COPPER
Image_206.jpg,IPHICLUS SISTER
Image_207.jpg,BLUE MORPHO
Image_208.jpg,METALMARK
Image_211.jpg,MILBERTS TORTOISESHELL
Image_212.jpg,SLEEPY ORANGE
Image_216.jpg,COMMON BANDED AWL
Image_221.jpg,DANAID EGGFLY
Image_222.jpg,LARGE MARBLE
Image_226.jpg,GREAT EGGFLY
Image_227.jpg,COPPER TAIL
Image_228.jpg,SOOTYWING
Image_231.jpg,RED POSTMAN
Image_232.jpg,CRIMSON PATCH
Image_233.jpg,CLEOPATRA
Image_235.jpg,LARGE MARBLE
Image_237.jpg,CRECENT
Image_238.jpg,ELBOWED PIERROT
Image_241.jpg,TROPICAL LEAFWING
Image_243.jpg,PEACOCK
Image_250.jpg,STRAITED QUEEN
Image_251.jpg,MOURNING CLOAK
Image_252.jpg,SILVER SPOT SKIPPER
Image_256.jpg,INDRA SWALLOW
Image_258.jpg,CHECQUERED SKIPPER
Image_259.jpg,ATALA
Image_260.jpg,CAIRNS BIRDWING
Image_262.jpg,PINE WHITE
Image_264.jpg,COPPER TAIL
Image_265.jpg,MALACHITE
Image_267.jpg,ORCHARD SWALLOW
Image_268.jpg,ELBOWED PIERROT
Image_269.jpg,SOUTHERN DOGFACE
Image_270.jpg,PEACOCK
Image_271.jpg,PAPER KITE
Image_277.jpg,EASTERN PINE ELFIN
Image_279.jpg,BLUE SPOTTED CROW
Image_281.jpg,STRAITED QUEEN
Image_282.jpg,PAINTED LADY
Image_283.jpg,MOURNING CLOAK
Image_284.jpg,COMMON WOOD-NYMPH
Image_285.jpg,COMMON BANDED AWL
Image_286.jpg,BANDED ORANGE HELICONIAN
Image_287.jpg,ZEBRA LONG WING
Image_289.jpg,ELBOWED PIERROT
Image_291.jpg,MANGROVE SKIPPER
Image_293.jpg,GREAT EGGFLY
Image_294.jpg,STRAITED QUEEN
Image_295.jpg,ATALA
Image_296.jpg,PINE WHITE
Image_300.jpg,METALMARK
Image_301.jpg,CHESTNUT
Image_303.jpg,GREAT JAY
Image_304.jpg,APPOLLO
Image_305.jpg,CLODIUS PARNASSIAN
Image_309.jpg,SLEEPY ORANGE
Image_310.jpg,ELBOWED PIERROT
Image_313.jpg,SLEEPY ORANGE
Image_317.jpg,ATALA
Image_319.jpg,ORANGE OAKLEAF
Image_322.jpg,GREEN CELLED CATTLEHEART
Image_324.jpg,BLUE MORPHO
Image_325.jpg,APPOLLO
Image_327.jpg,IPHICLUS SISTER
Image_328.jpg,LARGE MARBLE
Image_329.jpg,ORANGE OAKLEAF
Image_333.jpg,EASTERN COMA
Image_334.jpg,RED CRACKER
Image_338.jpg,PINE WHITE
Image_339.jpg,CLODIUS PARNASSIAN
Image_341.jpg,BROWN SIPROETA
Image_344.jpg,SOUTHERN DOGFACE
Image_345.jpg,BLACK HAIRSTREAK
Image_346.jpg,TROPICAL LEAFWING
Image_347.jpg,BANDED PEACOCK
Image_348.jpg,ADONIS
Image_349.jpg,ATALA
Image_350.jpg,RED POSTMAN
Image_351.jpg,CHESTNUT
Image_352.jpg,GREAT JAY
Image_354.jpg,CABBAGE WHITE
Image_355.jpg,PINE WHITE
Image_358.jpg,EASTERN PINE ELFIN
Image_359.jpg,MILBERTS TORTOISESHELL
Image_360.jpg,CLODIUS PARNASSIAN
Image_361.jpg,PEACOCK
Image_364.jpg,BECKERS WHITE
Image_365.jpg,QUESTION MARK
Image_366.jpg,COMMON BANDED AWL
Image_367.jpg,CHESTNUT
Image_369.jpg,RED POSTMAN
Image_371.jpg,JULIA
Image_372.jpg,VICEROY
Image_373.jpg,SLEEPY ORANGE
Image_374.jpg,AFRICAN GIANT SWALLOWTAIL
Image_375.jpg,BANDED ORANGE HELICONIAN
Image_376.jpg,MALACHITE
Image_377.jpg,CLOUDED SULPHUR
Image_378.jpg,EASTERN COMA
Image_379.jpg,BLACK HAIRSTREAK
Image_380.jpg,ATALA
Image_383.jpg,IPHICLUS SISTER
Image_384.jpg,ZEBRA LONG WING
Image_385.jpg,MONARCH
Image_387.jpg,AMERICAN SNOOT
Image_388.jpg,SOUTHERN DOGFACE
Image_391.jpg,CRECENT
Image_392.jpg,CHECQUERED SKIPPER
Image_393.jpg,CLODIUS PARNASSIAN
Image_394.jpg,SOOTYWING
Image_395.jpg,GREAT EGGFLY
Image_396.jpg,CABBAGE WHITE
Image_400.jpg,BLUE SPOTTED CROW
Image_401.jpg,IPHICLUS SISTER
Image_402.jpg,RED POSTMAN
Image_403.jpg,MILBERTS TORTOISESHELL
Image_404.jpg,BLACK HAIRSTREAK
Image_405.jpg,GREAT EGGFLY
Image_407.jpg,ZEBRA LONG WING
Image_408.jpg,BANDED ORANGE HELICONIAN
Image_410.jpg,BANDED PEACOCK
Image_411.jpg,PINE WHITE
Image_413.jpg,MOURNING CLOAK
Image_415.jpg,VICEROY
Image_417.jpg,APPOLLO
Image_418.jpg,ZEBRA LONG WING
Image_420.jpg,BLUE MORPHO
Image_421.jpg,CAIRNS BIRDWING
Image_422.jpg,CABBAGE WHITE
Image_423.jpg,JULIA
Image_424.jpg,EASTERN PINE ELFIN
Image_425.jpg,COMMON BANDED AWL
Image_426.jpg,PAPER KITE
Image_430.jpg,BROWN SIPROETA
Image_432.jpg,ORANGE OAKLEAF
Image_434.jpg,EASTERN DAPPLE WHITE
Image_438.jpg,AFRICAN GIANT SWALLOWTAIL
Image_440.jpg,EASTERN PINE ELFIN
Image_441.jpg,RED SPOTTED PURPLE
Image_442.jpg,SILVER SPOT SKIPPER
Image_443.jpg,BANDED ORANGE HELICONIAN
Image_446.jpg,PURPLE HAIRSTREAK
Image_447.jpg,SOOTYWING
Image_449.jpg,ORANGE OAKLEAF
Image_450.jpg,VICEROY
Image_454.jpg,SLEEPY ORANGE
Image_456.jpg,POPINJAY
Image_457.jpg,PAINTED LADY
Image_462.jpg,RED POSTMAN
Image_463.jpg,RED SPOTTED PURPLE
Image_467.jpg,SOUTHERN DOGFACE
Image_469.jpg,DANAID EGGFLY
Image_470.jpg,MALACHITE
Image_472.jpg,ATALA
Image_473.jpg,APPOLLO
Image_474.jpg,MESTRA
Image_477.jpg,ULYSES
Image_481.jpg,PAPER KITE
Image_485.jpg,RED CRACKER
Image_486.jpg,PEACOCK
Image_489.jpg,BLACK HAIRSTREAK
Image_491.jpg,TWO BARRED FLASHER
Image_493.jpg,IPHICLUS SISTER
Image_496.jpg,METALMARK
Image_500.jpg,LARGE MARBLE
Image_501.jpg,METALMARK
Image_503.jpg,COMMON WOOD-NYMPH
Image_504.jpg,AFRICAN GIANT SWALLOWTAIL
Image_506.jpg,QUESTION MARK
Image_508.jpg,METALMARK
Image_509.jpg,BROWN SIPROETA
Image_513.jpg,INDRA SWALLOW
Image_518.jpg,JULIA
Image_519.jpg,RED CRACKER
Image_520.jpg,EASTERN DAPPLE WHITE
Image_524.jpg,GREY HAIRSTREAK
Image_525.jpg,CAIRNS BIRDWING
Image_527.jpg,ORANGE TIP
Image_529.jpg,BROWN SIPROETA
Image_532.jpg,CLEOPATRA
Image_534.jpg,AMERICAN SNOOT
Image_535.jpg,AN 88
Image_536.jpg,RED SPOTTED PURPLE
Image_538.jpg,POPINJAY
Image_541.jpg,COPPER TAIL
Image_542.jpg,GREAT JAY
Image_543.jpg,RED CRACKER
Image_544.jpg,MOURNING CLOAK
Image_545.jpg,METALMARK
Image_546.jpg,PEACOCK
Image_549.jpg,GREEN CELLED CATTLEHEART
Image_552.jpg,EASTERN PINE ELFIN
Image_553.jpg,TROPICAL LEAFWING
Image_558.jpg,ORCHARD SWALLOW
Image_562.jpg,GREEN CELLED CATTLEHEART
Image_563.jpg,AMERICAN SNOOT
Image_565.jpg,RED SPOTTED PURPLE
Image_567.jpg,BANDED ORANGE HELICONIAN
Image_568.jpg,RED POSTMAN
Image_570.jpg,SOUTHERN DOGFACE
Image_571.jpg,PURPLISH COPPER
Image_572.jpg,ZEBRA LONG WING
Image_573.jpg,METALMARK
Image_574.jpg,CHESTNUT
Image_575.jpg,COMMON WOOD-NYMPH
Image_577.jpg,SOOTYWING
Image_578.jpg,CRECENT
Image_579.jpg,BLACK HAIRSTREAK
Image_581.jpg,ORCHARD SWALLOW
Image_584.jpg,PURPLE HAIRSTREAK
Image_585.jpg,PINE WHITE
Image_586.jpg,TROPICAL LEAFWING
Image_593.jpg,CLODIUS PARNASSIAN
Image_594.jpg,VICEROY
Image_596.jpg,GREEN CELLED CATTLEHEART
Image_597.jpg,ATALA
Image_598.jpg,CHESTNUT
Image_599.jpg,RED SPOTTED PURPLE
Image_604.jpg,MANGROVE SKIPPER
Image_605.jpg,ZEBRA LONG WING
Image_606.jpg,CABBAGE WHITE
Image_608.jpg,INDRA SWALLOW
Image_610.jpg,SLEEPY ORANGE
Image_611.jpg,CAIRNS BIRDWING
Image_612.jpg,VICEROY
Image_614.jpg,EASTERN COMA
Image_617.jpg,CLODIUS PARNASSIAN
Image_619.jpg,SCARCE SWALLOW
Image_620.jpg,LARGE MARBLE
Image_621.jpg,AFRICAN GIANT SWALLOWTAIL
Image_622.jpg,MILBERTS TORTOISESHELL
Image_623.jpg,GREAT JAY
Image_625.jpg,MOURNING CLOAK
Image_626.jpg,COMMON WOOD-NYMPH
Image_627.jpg,ORANGE TIP
Image_629.jpg,CHECQUERED SKIPPER
Image_633.jpg,BANDED ORANGE HELICONIAN
Image_637.jpg,PEACOCK
Image_639.jpg,CABBAGE WHITE
Image_641.jpg,SOUTHERN DOGFACE
Image_642.jpg,RED SPOTTED PURPLE
Image_644.jpg,JULIA
Image_646.jpg,CHESTNUT
Image_647.jpg,TROPICAL LEAFWING
Image_648.jpg,STRAITED QUEEN
Image_650.jpg,SOUTHERN DOGFACE
Image_651.jpg,VICEROY
Image_652.jpg,PURPLE HAIRSTREAK
Image_653.jpg,AMERICAN SNOOT
Image_656.jpg,AMERICAN SNOOT
Image_658.jpg,EASTERN COMA
Image_659.jpg,BANDED ORANGE HELICONIAN
Image_663.jpg,BLUE MORPHO
Image_664.jpg,BECKERS WHITE
Image_665.jpg,EASTERN COMA
Image_666.jpg,ADONIS
Image_669.jpg,PINE WHITE
Image_671.jpg,EASTERN PINE ELFIN
Image_673.jpg,CHECQUERED SKIPPER
Image_674.jpg,QUESTION MARK
Image_677.jpg,INDRA SWALLOW
Image_678.jpg,PAINTED LADY
Image_680.jpg,TWO BARRED FLASHER
Image_682.jpg,CLODIUS PARNASSIAN
Image_683.jpg,COMMON BANDED AWL
Image_684.jpg,WOOD SATYR
Image_685.jpg,ORANGE TIP
Image_686.jpg,ORANGE OAKLEAF
Image_688.jpg,PEACOCK
Image_689.jpg,PURPLISH COPPER
Image_691.jpg,TROPICAL LEAFWING
Image_693.jpg,SOOTYWING
Image_695.jpg,TROPICAL LEAFWING
Image_696.jpg,RED SPOTTED PURPLE
Image_697.jpg,GREAT EGGFLY
Image_698.jpg,MOURNING CLOAK
Image_699.jpg,BANDED PEACOCK
Image_703.jpg,PURPLE HAIRSTREAK
Image_704.jpg,GOLD BANDED
Image_705.jpg,CLODIUS PARNASSIAN
Image_706.jpg,ORCHARD SWALLOW
Image_707.jpg,CLOUDED SULPHUR
Image_708.jpg,APPOLLO
Image_709.jpg,VICEROY
Image_710.jpg,LARGE MARBLE
Image_712.jpg,PEACOCK
Image_713.jpg,VICEROY
Image_715.jpg,ZEBRA LONG WING
Image_716.jpg,SILVER SPOT SKIPPER
Image_718.jpg,CRECENT
Image_719.jpg,RED POSTMAN
Image_721.jpg,CLODIUS PARNASSIAN
Image_727.jpg,COMMON WOOD-NYMPH
Image_728.jpg,STRAITED QUEEN
Image_729.jpg,CHECQUERED SKIPPER
Image_730.jpg,RED ADMIRAL
Image_731.jpg,MANGROVE SKIPPER
Image_733.jpg,ORANGE OAKLEAF
Image_736.jpg,MALACHITE
Image_737.jpg,INDRA SWALLOW
Image_739.jpg,MESTRA
Image_746.jpg,LARGE MARBLE
Image_747.jpg,BECKERS WHITE
Image_750.jpg,ATALA
Image_751.jpg,PAPER KITE
Image_752.jpg,MALACHITE
Image_755.jpg,BLACK HAIRSTREAK
Image_759.jpg,APPOLLO
Image_760.jpg,METALMARK
Image_765.jpg,BROWN SIPROETA
Image_766.jpg,ATALA
Image_767.jpg,EASTERN DAPPLE WHITE
Image_768.jpg,JULIA
Image_771.jpg,ORANGE OAKLEAF
Image_772.jpg,MONARCH
Image_774.jpg,ADONIS
Image_777.jpg,RED POSTMAN
Image_778.jpg,PURPLISH COPPER
Image_781.jpg,DANAID EGGFLY
Image_782.jpg,ORANGE TIP
Image_783.jpg,AN 88
Image_784.jpg,RED ADMIRAL
Image_787.jpg,TROPICAL LEAFWING
Image_792.jpg,GREY HAIRSTREAK
Image_795.jpg,EASTERN COMA
Image_796.jpg,ADONIS
Image_798.jpg,GREAT EGGFLY
Image_799.jpg,CABBAGE WHITE
Image_803.jpg,ORCHARD SWALLOW
Image_807.jpg,CRIMSON PATCH
Image_809.jpg,MOURNING CLOAK
Image_810.jpg,GOLD BANDED
Image_811.jpg,MOURNING CLOAK
Image_812.jpg,CABBAGE WHITE
Image_814.jpg,LARGE MARBLE
Image_816.jpg,COMMON WOOD-NYMPH
Image_817.jpg,LARGE MARBLE
Image_819.jpg,TWO BARRED FLASHER
Image_822.jpg,IPHICLUS SISTER
Image_823.jpg,BANDED PEACOCK
Image_826.jpg,MILBERTS TORTOISESHELL
Image_827.jpg,ULYSES
Image_833.jpg,GREAT EGGFLY
Image_838.jpg,PAINTED LADY
Image_841.jpg,CRECENT
Image_845.jpg,COMMON BANDED AWL
Image_847.jpg,RED ADMIRAL
Image_848.jpg,ADONIS
Image_849.jpg,TROPICAL LEAFWING
Image_852.jpg,AFRICAN GIANT SWALLOWTAIL
Image_853.jpg,POPINJAY
Image_854.jpg,EASTERN COMA
Image_855.jpg,VICEROY
Image_857.jpg,PIPEVINE SWALLOW
Image_861.jpg,MILBERTS TORTOISESHELL
Image_865.jpg,MOURNING CLOAK
Image_866.jpg,RED CRACKER
Image_870.jpg,SOUTHERN DOGFACE
Image_871.jpg,BROWN SIPROETA
Image_872.jpg,GREAT JAY
Image_873.jpg,CRIMSON PATCH
Image_875.jpg,SCARCE SWALLOW
Image_876.jpg,CABBAGE WHITE
Image_885.jpg,PAPER KITE
Image_891.jpg,GREAT JAY
Image_892.jpg,CRECENT
Image_896.jpg,SLEEPY ORANGE
Image_897.jpg,RED POSTMAN
Image_898.jpg,MESTRA
Image_900.jpg,WOOD SATYR
Image_905.jpg,VICEROY
Image_906.jpg,CABBAGE WHITE
Image_911.jpg,EASTERN DAPPLE WHITE
Image_912.jpg,PINE WHITE
Image_915.jpg,CLEOPATRA
Image_916.jpg,ORANGE TIP
Image_918.jpg,SCARCE SWALLOW
Image_920.jpg,YELLOW SWALLOW TAIL
Image_921.jpg,BROWN SIPROETA
Image_923.jpg,BLUE MORPHO
Image_924.jpg,GREEN CELLED CATTLEHEART
Image_930.jpg,PURPLISH COPPER
Image_932.jpg,BROWN SIPROETA
Image_933.jpg,YELLOW SWALLOW TAIL
Image_937.jpg,IPHICLUS SISTER
Image_941.jpg,POPINJAY
Image_942.jpg,GREEN CELLED CATTLEHEART
Image_944.jpg,CLODIUS PARNASSIAN
Image_945.jpg,GREY HAIRSTREAK
Image_950.jpg,AFRICAN GIANT SWALLOWTAIL
Image_955.jpg,PURPLISH COPPER
Image_958.jpg,CAIRNS BIRDWING
Image_961.jpg,ORANGE TIP
Image_962.jpg,ATALA
Image_963.jpg,BANDED ORANGE HELICONIAN
Image_964.jpg,ADONIS
Image_965.jpg,CRIMSON PATCH
Image_966.jpg,ATALA
Image_967.jpg,COPPER TAIL
Image_969.jpg,BROWN SIPROETA
Image_970.jpg,CHESTNUT
Image_974.jpg,PAINTED LADY
Image_976.jpg,TROPICAL LEAFWING
Image_977.jpg,GREAT EGGFLY
Image_980.jpg,TROPICAL LEAFWING
Image_982.jpg,GREAT EGGFLY
Image_983.jpg,CHESTNUT
Image_986.jpg,MALACHITE
Image_988.jpg,CHECQUERED SKIPPER
Image_990.jpg,COMMON WOOD-NYMPH
Image_991.jpg,AMERICAN SNOOT
Image_992.jpg,CHECQUERED SKIPPER
Image_993.jpg,TROPICAL LEAFWING
Image_1000.jpg,SLEEPY ORANGE
Image_1001.jpg,RED CRACKER
Image_1003.jpg,GOLD BANDED
Image_1005.jpg,JULIA
Image_1007.jpg,RED CRACKER
Image_1010.jpg,CHECQUERED SKIPPER
Image_1011.jpg,TWO BARRED FLASHER
Image_1012.jpg,GREEN CELLED CATTLEHEART
Image_1022.jpg,AN 88
Image_1023.jpg,MOURNING CLOAK
Image_1024.jpg,ORANGE OAKLEAF
Image_1025.jpg,SILVER SPOT SKIPPER
Image_1030.jpg,CLODIUS PARNASSIAN
Image_1035.jpg,CAIRNS BIRDWING
Image_1038.jpg,CLODIUS PARNASSIAN
Image_1042.jpg,SCARCE SWALLOW
Image_1044.jpg,AMERICAN SNOOT
Image_1048.jpg,PURPLE HAIRSTREAK
Image_1050.jpg,COPPER TAIL
Image_1051.jpg,MOURNING CLOAK
Image_1052.jpg,EASTERN DAPPLE WHITE
Image_1053.jpg,BLACK HAIRSTREAK
Image_1055.jpg,BANDED PEACOCK
Image_1056.jpg,JULIA
Image_1057.jpg,LARGE MARBLE
Image_1058.jpg,BROWN SIPROETA
Image_1060.jpg,COPPER TAIL
Image_1061.jpg,MANGROVE SKIPPER
Image_1063.jpg,BROWN SIPROETA
Image_1066.jpg,CABBAGE WHITE
Image_1067.jpg,MOURNING CLOAK
Image_1071.jpg,WOOD SATYR
Image_1072.jpg,VICEROY
Image_1074.jpg,PAPER KITE
Image_1075.jpg,IPHICLUS SISTER
Image_1076.jpg,MALACHITE
Image_1077.jpg,GREAT EGGFLY
Image_1078.jpg,CHECQUERED SKIPPER
Image_1079.jpg,PIPEVINE SWALLOW
Image_1081.jpg,PURPLE HAIRSTREAK
Image_1083.jpg,RED SPOTTED PURPLE
Image_1084.jpg,WOOD SATYR
Image_1085.jpg,SOOTYWING
Image_1086.jpg,COPPER TAIL
Image_1088.jpg,RED CRACKER
Image_1090.jpg,INDRA SWALLOW
Image_1093.jpg,PINE WHITE
Image_1097.jpg,GREEN CELLED CATTLEHEART
Image_1098.jpg,DANAID EGGFLY
Image_1099.jpg,WOOD SATYR
Image_1101.jpg,AN 88
Image_1105.jpg,MESTRA
Image_1107.jpg,EASTERN DAPPLE WHITE
Image_1108.jpg,PAINTED LADY
Image_1109.jpg,BROWN SIPROETA
Image_1115.jpg,EASTERN PINE ELFIN
Image_1116.jpg,PEACOCK
Image_1118.jpg,BROWN SIPROETA
Image_1119.jpg,PURPLE HAIRSTREAK
Image_1121.jpg,MANGROVE SKIPPER
Image_1122.jpg,LARGE MARBLE
Image_1128.jpg,SILVER SPOT SKIPPER
Image_1129.jpg,AN 88
Image_1130.jpg,CRIMSON PATCH
Image_1132.jpg,MALACHITE
Image_1136.jpg,COPPER TAIL
Image_1139.jpg,SOOTYWING
Image_1144.jpg,PAPER KITE
Image_1145.jpg,GREY HAIRSTREAK
Image_1146.jpg,AN 88
Image_1147.jpg,AMERICAN SNOOT
Image_1149.jpg,METALMARK
Image_1151.jpg,JULIA
Image_1153.jpg,GREAT EGGFLY
Image_1154.jpg,GREAT JAY
Image_1158.jpg,MONARCH
Image_1159.jpg,AFRICAN GIANT SWALLOWTAIL
Image_1168.jpg,STRAITED QUEEN
Image_1172.jpg,ORANGE OAKLEAF
Image_1173.jpg,CAIRNS BIRDWING
Image_1176.jpg,AMERICAN SNOOT
Image_1178.jpg,PURPLISH COPPER
Image_1179.jpg,BECKERS WHITE
Image_1180.jpg,ATALA
Image_1181.jpg,GREEN CELLED CATTLEHEART
Image_1182.jpg,IPHICLUS SISTER
Image_1184.jpg,CRIMSON PATCH
Image_1185.jpg,PINE WHITE
Image_1186.jpg,MONARCH
Image_1188.jpg,ORCHARD SWALLOW
Image_1190.jpg,CLOUDED SULPHUR
Image_1191.jpg,MILBERTS TORTOISESHELL
Image_1193.jpg,RED SPOTTED PURPLE
Image_1196.jpg,MILBERTS TORTOISESHELL
Image_1197.jpg,EASTERN COMA
Image_1203.jpg,STRAITED QUEEN
Image_1204.jpg,AFRICAN GIANT SWALLOWTAIL
Image_1206.jpg,YELLOW SWALLOW TAIL
Image_1207.jpg,BLACK HAIRSTREAK
Image_1211.jpg,ADONIS
Image_1215.jpg,GREY HAIRSTREAK
Image_1216.jpg,ULYSES
Image_1217.jpg,CLODIUS PARNASSIAN
Image_1220.jpg,MOURNING CLOAK
Image_1221.jpg,PURPLE HAIRSTREAK
Image_1223.jpg,SOOTYWING
Image_1225.jpg,MESTRA
Image_1228.jpg,LARGE MARBLE
Image_1230.jpg,STRAITED QUEEN
Image_1233.jpg,PIPEVINE SWALLOW
Image_1235.jpg,RED ADMIRAL
Image_1239.jpg,ULYSES
Image_1242.jpg,SLEEPY ORANGE
Image_1243.jpg,TWO BARRED FLASHER
Image_1245.jpg,CRECENT
Image_1248.jpg,BLUE SPOTTED CROW
Image_1251.jpg,IPHICLUS SISTER
Image_1255.jpg,SOOTYWING
Image_1257.jpg,PURPLE HAIRSTREAK
Image_1258.jpg,GOLD BANDED
Image_1262.jpg,RED CRACKER
Image_1263.jpg,VICEROY
Image_1264.jpg,GREAT JAY
Image_1268.jpg,SOOTYWING
Image_1273.jpg,COMMON BANDED AWL
Image_1278.jpg,WOOD SATYR
Image_1281.jpg,CRECENT
Image_1287.jpg,RED SPOTTED PURPLE
Image_1289.jpg,EASTERN PINE ELFIN
Image_1292.jpg,RED POSTMAN
Image_1297.jpg,ZEBRA LONG WING
Image_1299.jpg,BECKERS WHITE
Image_1300.jpg,RED CRACKER
Image_1301.jpg,BANDED PEACOCK
Image_1302.jpg,PEACOCK
Image_1303.jpg,INDRA SWALLOW
Image_1305.jpg,PURPLE HAIRSTREAK
Image_1306.jpg,VICEROY
Image_1310.jpg,MESTRA
Image_1311.jpg,SOOTYWING
Image_1314.jpg,MANGROVE SKIPPER
Image_1316.jpg,BANDED ORANGE HELICONIAN
Image_1319.jpg,CRIMSON PATCH
Image_1323.jpg,ORANGE OAKLEAF
Image_1328.jpg,POPINJAY
Image_1329.jpg,ATALA
Image_1330.jpg,ZEBRA LONG WING
Image_1339.jpg,ORANGE TIP
Image_1340.jpg,CHECQUERED SKIPPER
Image_1344.jpg,PINE WHITE
Image_1345.jpg,RED CRACKER
Image_1346.jpg,COMMON WOOD-NYMPH
Image_1347.jpg,CLODIUS PARNASSIAN
Image_1348.jpg,CRECENT
Image_1350.jpg,COPPER TAIL
Image_1351.jpg,CHESTNUT
Image_1352.jpg,MALACHITE
Image_1355.jpg,GREY HAIRSTREAK
Image_1356.jpg,STRAITED QUEEN
Image_1357.jpg,PURPLISH COPPER
Image_1360.jpg,PURPLISH COPPER
Image_1364.jpg,COPPER TAIL
Image_1365.jpg,CRECENT
Image_1368.jpg,QUESTION MARK
Image_1369.jpg,CHESTNUT
Image_1370.jpg,CHESTNUT
Image_1371.jpg,STRAITED QUEEN
Image_1374.jpg,ZEBRA LONG WING
Image_1376.jpg,LARGE MARBLE
Image_1378.jpg,MOURNING CLOAK
Image_1384.jpg,ORANGE TIP
Image_1388.jpg,POPINJAY
Image_1390.jpg,MOURNING CLOAK
Image_1391.jpg,PEACOCK
Image_1392.jpg,PURPLISH COPPER
Image_1393.jpg,POPINJAY
Image_1394.jpg,SLEEPY ORANGE
Image_1395.jpg,YELLOW SWALLOW TAIL
Image_1396.jpg,MOURNING CLOAK
Image_1397.jpg,CRECENT
Image_1403.jpg,PAINTED LADY
Image_1404.jpg,AN 88
Image_1408.jpg,CLOUDED SULPHUR
Image_1409.jpg,TWO BARRED FLASHER
Image_1411.jpg,SOOTYWING
Image_1412.jpg,ORANGE OAKLEAF
Image_1413.jpg,CLODIUS PARNASSIAN
Image_1416.jpg,COMMON WOOD-NYMPH
Image_1417.jpg,ULYSES
Image_1419.jpg,PIPEVINE SWALLOW
Image_1420.jpg,MONARCH
Image_1424.jpg,CHESTNUT
Image_1426.jpg,MONARCH
Image_1427.jpg,COMMON WOOD-NYMPH
Image_1429.jpg,DANAID EGGFLY
Image_1430.jpg,SLEEPY ORANGE
Image_1432.jpg,METALMARK
Image_1433.jpg,BLUE MORPHO
Image_1440.jpg,PEACOCK
Image_1446.jpg,JULIA
Image_1448.jpg,SCARCE SWALLOW
Image_1449.jpg,CRECENT
Image_1455.jpg,MESTRA
Image_1458.jpg,MESTRA
Image_1460.jpg,AN 88
Image_1463.jpg,BANDED ORANGE HELICONIAN
Image_1466.jpg,PINE WHITE
Image_1468.jpg,BLUE SPOTTED CROW
Image_1470.jpg,STRAITED QUEEN
Image_1472.jpg,PINE WHITE
Image_1480.jpg,EASTERN PINE ELFIN
Image_1484.jpg,STRAITED QUEEN
Image_1485.jpg,PINE WHITE
Image_1486.jpg,ELBOWED PIERROT
Image_1488.jpg,PAINTED LADY
Image_1489.jpg,MOURNING CLOAK
Image_1492.jpg,RED ADMIRAL
Image_1493.jpg,CABBAGE WHITE
Image_1495.jpg,GREY HAIRSTREAK
Image_1496.jpg,ZEBRA LONG WING
Image_1501.jpg,COPPER TAIL
Image_1503.jpg,PAPER KITE
Image_1504.jpg,EASTERN DAPPLE WHITE
Image_1505.jpg,PIPEVINE SWALLOW
Image_1507.jpg,PIPEVINE SWALLOW
Image_1508.jpg,SCARCE SWALLOW
Image_1509.jpg,DANAID EGGFLY
Image_1511.jpg,AMERICAN SNOOT
Image_1513.jpg,QUESTION MARK
Image_1515.jpg,BANDED PEACOCK
Image_1518.jpg,BANDED ORANGE HELICONIAN
Image_1520.jpg,BECKERS WHITE
Image_1523.jpg,AMERICAN SNOOT
Image_1526.jpg,SLEEPY ORANGE
Image_1530.jpg,ZEBRA LONG WING
Image_1531.jpg,AMERICAN SNOOT
Image_1540.jpg,METALMARK
Image_1543.jpg,TWO BARRED FLASHER
Image_1544.jpg,SOUTHERN DOGFACE
Image_1545.jpg,TWO BARRED FLASHER
Image_1546.jpg,ORCHARD SWALLOW
Image_1548.jpg,SOOTYWING
Image_1553.jpg,CRECENT
Image_1554.jpg,MOURNING CLOAK
Image_1555.jpg,POPINJAY
Image_1556.jpg,BANDED PEACOCK
Image_1557.jpg,SOOTYWING
Image_1560.jpg,DANAID EGGFLY
Image_1562.jpg,CLEOPATRA
Image_1567.jpg,SCARCE SWALLOW
Image_1568.jpg,PURPLE HAIRSTREAK
Image_1569.jpg,JULIA
Image_1572.jpg,AMERICAN SNOOT
Image_1573.jpg,SCARCE SWALLOW
Image_1574.jpg,CLOUDED SULPHUR
Image_1575.jpg,CLOUDED SULPHUR
Image_1576.jpg,GOLD BANDED
Image_1577.jpg,EASTERN PINE ELFIN
Image_1580.jpg,EASTERN PINE ELFIN
Image_1583.jpg,PIPEVINE SWALLOW
Image_1584.jpg,BANDED PEACOCK
Image_1585.jpg,ATALA
Image_1587.jpg,ORANGE TIP
Image_1589.jpg,MALACHITE
Image_1590.jpg,PINE WHITE
Image_1592.jpg,CLODIUS PARNASSIAN
Image_1593.jpg,BROWN SIPROETA
Image_1594.jpg,STRAITED QUEEN
Image_1595.jpg,BANDED PEACOCK
Image_1597.jpg,AN 88
Image_1600.jpg,RED CRACKER
Image_1601.jpg,CHECQUERED SKIPPER
Image_1603.jpg,RED ADMIRAL
Image_1604.jpg,MESTRA
Image_1606.jpg,BANDED PEACOCK
Image_1607.jpg,JULIA
Image_1612.jpg,BECKERS WHITE
Image_1613.jpg,COMMON BANDED AWL
Image_1616.jpg,GREEN CELLED CATTLEHEART
Image_1618.jpg,CRECENT
Image_1619.jpg,PURPLISH COPPER
Image_1624.jpg,TROPICAL LEAFWING
Image_1629.jpg,COPPER TAIL
Image_1630.jpg,EASTERN COMA
Image_1631.jpg,JULIA
Image_1632.jpg,ATALA
Image_1635.jpg,COMMON WOOD-NYMPH
Image_1636.jpg,BLACK HAIRSTREAK
Image_1640.jpg,JULIA
Image_1643.jpg,AFRICAN GIANT SWALLOWTAIL
Image_1644.jpg,ELBOWED PIERROT
Image_1646.jpg,AFRICAN GIANT SWALLOWTAIL
Image_1649.jpg,GREEN CELLED CATTLEHEART
Image_1650.jpg,COPPER TAIL
Image_1651.jpg,LARGE MARBLE
Image_1652.jpg,CRECENT
Image_1653.jpg,BLUE MORPHO
Image_1658.jpg,PIPEVINE SWALLOW
Image_1660.jpg,APPOLLO
Image_1661.jpg,BANDED PEACOCK
Image_1663.jpg,EASTERN COMA
Image_1666.jpg,PAINTED LADY
Image_1669.jpg,ORCHARD SWALLOW
Image_1672.jpg,MONARCH
Image_1676.jpg,BLACK HAIRSTREAK
Image_1677.jpg,METALMARK
Image_1679.jpg,ORCHARD SWALLOW
Image_1680.jpg,GOLD BANDED
Image_1681.jpg,ORANGE TIP
Image_1686.jpg,DANAID EGGFLY
Image_1688.jpg,EASTERN DAPPLE WHITE
Image_1689.jpg,GREAT JAY
Image_1691.jpg,IPHICLUS SISTER
Image_1693.jpg,RED CRACKER
Image_1695.jpg,IPHICLUS SISTER
Image_1697.jpg,GREAT JAY
Image_1698.jpg,MOURNING CLOAK
Image_1699.jpg,AN 88
Image_1700.jpg,INDRA SWALLOW
Image_1703.jpg,BANDED ORANGE HELICONIAN
Image_1704.jpg,MONARCH
Image_1705.jpg,BLUE SPOTTED CROW
Image_1706.jpg,SLEEPY ORANGE
Image_1707.jpg,CHECQUERED SKIPPER
Image_1708.jpg,MONARCH
Image_1709.jpg,MANGROVE SKIPPER
Image_1711.jpg,EASTERN COMA
Image_1713.jpg,SCARCE SWALLOW
Image_1714.jpg,YELLOW SWALLOW TAIL
Image_1715.jpg,SILVER SPOT SKIPPER
Image_1716.jpg,CAIRNS BIRDWING
Image_1718.jpg,EASTERN COMA
Image_1719.jpg,CLODIUS PARNASSIAN
Image_1720.jpg,BLACK HAIRSTREAK
Image_1721.jpg,GREAT EGGFLY
Image_1723.jpg,PAPER KITE
Image_1724.jpg,GOLD BANDED
Image_1725.jpg,INDRA SWALLOW
Image_1727.jpg,RED SPOTTED PURPLE
Image_1731.jpg,PURPLE HAIRSTREAK
Image_1732.jpg,CLODIUS PARNASSIAN
Image_1734.jpg,RED ADMIRAL
Image_1737.jpg,EASTERN PINE ELFIN
Image_1740.jpg,MALACHITE
Image_1743.jpg,COMMON BANDED AWL
Image_1744.jpg,PIPEVINE SWALLOW
Image_1745.jpg,AN 88
Image_1746.jpg,RED ADMIRAL
Image_1747.jpg,PEACOCK
Image_1750.jpg,BROWN SIPROETA
Image_1752.jpg,PIPEVINE SWALLOW
Image_1753.jpg,SILVER SPOT SKIPPER
Image_1758.jpg,RED SPOTTED PURPLE
Image_1759.jpg,LARGE MARBLE
Image_1760.jpg,RED SPOTTED PURPLE
Image_1762.jpg,CRECENT
Image_1764.jpg,SCARCE SWALLOW
Image_1765.jpg,ZEBRA LONG WING
Image_1766.jpg,ELBOWED PIERROT
Image_1767.jpg,MILBERTS TORTOISESHELL
Image_1771.jpg,SCARCE SWALLOW
Image_1772.jpg,ADONIS
Image_1775.jpg,JULIA
Image_1779.jpg,BLUE MORPHO
Image_1780.jpg,SOUTHERN DOGFACE
Image_1783.jpg,MOURNING CLOAK
Image_1787.jpg,EASTERN DAPPLE WHITE
Image_1788.jpg,RED CRACKER
Image_1789.jpg,GREAT JAY
Image_1791.jpg,MALACHITE
Image_1792.jpg,MILBERTS TORTOISESHELL
Image_1793.jpg,COMMON BANDED AWL
Image_1794.jpg,SOUTHERN DOGFACE
Image_1795.jpg,SLEEPY ORANGE
Image_1796.jpg,EASTERN COMA
Image_1801.jpg,COMMON WOOD-NYMPH
Image_1804.jpg,BLUE MORPHO
Image_1805.jpg,JULIA
Image_1806.jpg,EASTERN DAPPLE WHITE
Image_1807.jpg,ORANGE TIP
Image_1809.jpg,METALMARK
Image_1814.jpg,EASTERN COMA
Image_1815.jpg,SCARCE SWALLOW
Image_1816.jpg,BROWN SIPROETA
Image_1823.jpg,ORANGE OAKLEAF
Image_1825.jpg,MESTRA
Image_1827.jpg,VICEROY
Image_1828.jpg,MALACHITE
Image_1829.jpg,MILBERTS TORTOISESHELL
Image_1832.jpg,COPPER TAIL
Image_1833.jpg,PEACOCK
Image_1834.jpg,COMMON BANDED AWL
Image_1836.jpg,MILBERTS TORTOISESHELL
Image_1837.jpg,AN 88
Image_1841.jpg,PIPEVINE SWALLOW
Image_1842.jpg,PURPLE HAIRSTREAK
Image_1843.jpg,BECKERS WHITE
Image_1844.jpg,ORANGE TIP
Image_1848.jpg,COMMON BANDED AWL
Image_1849.jpg,ADONIS
Image_1850.jpg,PINE WHITE
Image_1856.jpg,TWO BARRED FLASHER
Image_1858.jpg,ADONIS
Image_1859.jpg,COMMON BANDED AWL
Image_1862.jpg,ORCHARD SWALLOW
Image_1863.jpg,CABBAGE WHITE
Image_1864.jpg,CLODIUS PARNASSIAN
Image_1866.jpg,EASTERN PINE ELFIN
Image_1867.jpg,CLOUDED SULPHUR
Image_1869.jpg,AN 88
Image_1871.jpg,RED SPOTTED PURPLE
Image_1872.jpg,GREAT JAY
Image_1873.jpg,BLUE SPOTTED CROW
Image_1876.jpg,JULIA
Image_1877.jpg,DANAID EGGFLY
Image_1878.jpg,APPOLLO
Image_1880.jpg,RED SPOTTED PURPLE
Image_1881.jpg,ZEBRA LONG WING
Image_1882.jpg,AMERICAN SNOOT
Image_1884.jpg,IPHICLUS SISTER
Image_1888.jpg,ORCHARD SWALLOW
Image_1889.jpg,PINE WHITE
Image_1892.jpg,ULYSES
Image_1894.jpg,APPOLLO
Image_1895.jpg,CHESTNUT
Image_1896.jpg,MALACHITE
Image_1897.jpg,PIPEVINE SWALLOW
Image_1901.jpg,PAPER KITE
Image_1902.jpg,LARGE MARBLE
Image_1903.jpg,AFRICAN GIANT SWALLOWTAIL
Image_1906.jpg,RED ADMIRAL
Image_1907.jpg,ADONIS
Image_1908.jpg,CLODIUS PARNASSIAN
Image_1910.jpg,INDRA SWALLOW
Image_1911.jpg,EASTERN PINE ELFIN
Image_1912.jpg,RED POSTMAN
Image_1915.jpg,RED POSTMAN
Image_1918.jpg,MESTRA
Image_1919.jpg,SOUTHERN DOGFACE
Image_1920.jpg,BLUE MORPHO
Image_1922.jpg,AFRICAN GIANT SWALLOWTAIL
Image_1924.jpg,GREAT EGGFLY
Image_1926.jpg,GOLD BANDED
Image_1927.jpg,ADONIS
Image_1930.jpg,JULIA
Image_1935.jpg,RED CRACKER
Image_1937.jpg,ADONIS
Image_1938.jpg,SILVER SPOT SKIPPER
Image_1941.jpg,AMERICAN SNOOT
Image_1942.jpg,GOLD BANDED
Image_1944.jpg,MILBERTS TORTOISESHELL
Image_1945.jpg,EASTERN DAPPLE WHITE
Image_1949.jpg,LARGE MARBLE
Image_1950.jpg,CHESTNUT
Image_1952.jpg,MOURNING CLOAK
Image_1956.jpg,RED SPOTTED PURPLE
Image_1957.jpg,AN 88
Image_1958.jpg,COMMON BANDED AWL
Image_1966.jpg,COMMON BANDED AWL
Image_1968.jpg,JULIA
Image_1969.jpg,SCARCE SWALLOW
Image_1974.jpg,INDRA SWALLOW
Image_1976.jpg,GREEN CELLED CATTLEHEART
Image_1978.jpg,CHECQUERED SKIPPER
Image_1979.jpg,BANDED ORANGE HELICONIAN
Image_1984.jpg,BLUE MORPHO
Image_1985.jpg,PAPER KITE
Image_1986.jpg,BLUE MORPHO
Image_1987.jpg,QUESTION MARK
Image_1988.jpg,TWO BARRED FLASHER
Image_1989.jpg,CLODIUS PARNASSIAN
Image_1991.jpg,ELBOWED PIERROT
Image_1992.jpg,ELBOWED PIERROT
Image_1995.jpg,CLOUDED SULPHUR
Image_1999.jpg,CRECENT
Image_2000.jpg,POPINJAY
Image_2001.jpg,MESTRA
Image_2003.jpg,BROWN SIPROETA
Image_2004.jpg,PAPER KITE
Image_2005.jpg,POPINJAY
Image_2006.jpg,ORANGE OAKLEAF
Image_2007.jpg,GREAT JAY
Image_2010.jpg,STRAITED QUEEN
Image_2012.jpg,IPHICLUS SISTER
Image_2015.jpg,CLEOPATRA
Image_2016.jpg,MANGROVE SKIPPER
Image_2019.jpg,RED POSTMAN
Image_2023.jpg,MALACHITE
Image_2024.jpg,JULIA
Image_2028.jpg,PINE WHITE
Image_2029.jpg,ORANGE TIP
Image_2030.jpg,SOOTYWING
Image_2033.jpg,QUESTION MARK
Image_2034.jpg,CAIRNS BIRDWING
Image_2035.jpg,GREAT JAY
Image_2036.jpg,BROWN SIPROETA
Image_2038.jpg,CLEOPATRA
Image_2040.jpg,BANDED ORANGE HELICONIAN
Image_2042.jpg,PURPLE HAIRSTREAK
Image_2044.jpg,EASTERN PINE ELFIN
Image_2045.jpg,TWO BARRED FLASHER
Image_2050.jpg,SOUTHERN DOGFACE
Image_2052.jpg,IPHICLUS SISTER
Image_2053.jpg,BLACK HAIRSTREAK
Image_2054.jpg,LARGE MARBLE
Image_2058.jpg,BLUE SPOTTED CROW
Image_2059.jpg,VICEROY
Image_2060.jpg,CLOUDED SULPHUR
Image_2061.jpg,CABBAGE WHITE
Image_2062.jpg,SOUTHERN DOGFACE
Image_2064.jpg,DANAID EGGFLY
Image_2065.jpg,CRECENT
Image_2067.jpg,CLODIUS PARNASSIAN
Image_2072.jpg,MONARCH
Image_2074.jpg,PINE WHITE
Image_2075.jpg,CRIMSON PATCH
Image_2076.jpg,CABBAGE WHITE
Image_2079.jpg,GREY HAIRSTREAK
Image_2081.jpg,AFRICAN GIANT SWALLOWTAIL
Image_2085.jpg,ELBOWED PIERROT
Image_2089.jpg,CRIMSON PATCH
Image_2090.jpg,COPPER TAIL
Image_2091.jpg,CAIRNS BIRDWING
Image_2092.jpg,CLOUDED SULPHUR
Image_2094.jpg,COMMON BANDED AWL
Image_2097.jpg,CABBAGE WHITE
Image_2098.jpg,CRECENT
Image_2100.jpg,WOOD SATYR
Image_2104.jpg,AFRICAN GIANT SWALLOWTAIL
Image_2106.jpg,RED POSTMAN
Image_2109.jpg,PIPEVINE SWALLOW
Image_2111.jpg,MOURNING CLOAK
Image_2117.jpg,BLUE SPOTTED CROW
Image_2119.jpg,TWO BARRED FLASHER
Image_2122.jpg,INDRA SWALLOW
Image_2124.jpg,MONARCH
Image_2125.jpg,MOURNING CLOAK
Image_2131.jpg,TWO BARRED FLASHER
Image_2136.jpg,MILBERTS TORTOISESHELL
Image_2146.jpg,QUESTION MARK
Image_2148.jpg,EASTERN PINE ELFIN
Image_2152.jpg,ORANGE OAKLEAF
Image_2153.jpg,PAINTED LADY
Image_2158.jpg,MANGROVE SKIPPER
Image_2159.jpg,ORCHARD SWALLOW
Image_2160.jpg,BLACK HAIRSTREAK
Image_2162.jpg,TWO BARRED FLASHER
Image_2164.jpg,AMERICAN SNOOT
Image_2165.jpg,PIPEVINE SWALLOW
Image_2168.jpg,VICEROY
Image_2170.jpg,GREY HAIRSTREAK
Image_2171.jpg,YELLOW SWALLOW TAIL
Image_2172.jpg,AMERICAN SNOOT
Image_2176.jpg,PAINTED LADY
Image_2177.jpg,ZEBRA LONG WING
Image_2178.jpg,BECKERS WHITE
Image_2182.jpg,WOOD SATYR
Image_2183.jpg,POPINJAY
Image_2184.jpg,ELBOWED PIERROT
Image_2185.jpg,PINE WHITE
Image_2188.jpg,GREAT EGGFLY
Image_2191.jpg,BLACK HAIRSTREAK
Image_2192.jpg,PEACOCK
Image_2195.jpg,EASTERN PINE ELFIN
Image_2197.jpg,MOURNING CLOAK
Image_2198.jpg,RED CRACKER
Image_2200.jpg,CLEOPATRA
Image_2203.jpg,ADONIS
Image_2206.jpg,ORANGE TIP
Image_2210.jpg,YELLOW SWALLOW TAIL
Image_2211.jpg,ORANGE OAKLEAF
Image_2212.jpg,CRECENT
Image_2213.jpg,CLOUDED SULPHUR
Image_2214.jpg,MOURNING CLOAK
Image_2218.jpg,ZEBRA LONG WING
Image_2219.jpg,CRIMSON PATCH
Image_2220.jpg,INDRA SWALLOW
Image_2223.jpg,YELLOW SWALLOW TAIL
Image_2229.jpg,CLODIUS PARNASSIAN
Image_2230.jpg,BECKERS WHITE
Image_2232.jpg,SOOTYWING
Image_2233.jpg,MOURNING CLOAK
Image_2234.jpg,GREEN CELLED CATTLEHEART
Image_2235.jpg,COPPER TAIL
Image_2236.jpg,MOURNING CLOAK
Image_2238.jpg,AFRICAN GIANT SWALLOWTAIL
Image_2240.jpg,CHECQUERED SKIPPER
Image_2241.jpg,STRAITED QUEEN
Image_2243.jpg,COMMON BANDED AWL
Image_2244.jpg,METALMARK
Image_2249.jpg,ORANGE OAKLEAF
Image_2253.jpg,ORANGE OAKLEAF
Image_2254.jpg,POPINJAY
Image_2255.jpg,ADONIS
Image_2256.jpg,DANAID EGGFLY
Image_2257.jpg,ORANGE TIP
Image_2260.jpg,GREAT EGGFLY
Image_2261.jpg,PAPER KITE
Image_2268.jpg,AMERICAN SNOOT
Image_2269.jpg,EASTERN DAPPLE WHITE
Image_2271.jpg,COPPER TAIL
Image_2272.jpg,SLEEPY ORANGE
Image_2274.jpg,COPPER TAIL
Image_2275.jpg,ADONIS
Image_2276.jpg,JULIA
Image_2278.jpg,LARGE MARBLE
Image_2279.jpg,CHESTNUT
Image_2281.jpg,GREY HAIRSTREAK
Image_2282.jpg,CRECENT
Image_2283.jpg,GREAT EGGFLY
Image_2284.jpg,AFRICAN GIANT SWALLOWTAIL
Image_2289.jpg,GREEN CELLED CATTLEHEART
Image_2292.jpg,BANDED ORANGE HELICONIAN
Image_2294.jpg,BLUE SPOTTED CROW
Image_2295.jpg,POPINJAY
Image_2299.jpg,SCARCE SWALLOW
Image_2301.jpg,TWO BARRED FLASHER
Image_2303.jpg,PINE WHITE
Image_2304.jpg,LARGE MARBLE
Image_2310.jpg,ZEBRA LONG WING
Image_2312.jpg,AN 88
Image_2314.jpg,COMMON WOOD-NYMPH
Image_2319.jpg,CRECENT
Image_2320.jpg,CABBAGE WHITE
Image_2323.jpg,MESTRA
Image_2324.jpg,ATALA
Image_2327.jpg,MOURNING CLOAK
Image_2329.jpg,RED CRACKER
Image_2330.jpg,PEACOCK
Image_2331.jpg,BLUE MORPHO
Image_2333.jpg,MILBERTS TORTOISESHELL
Image_2337.jpg,GREAT EGGFLY
Image_2340.jpg,MILBERTS TORTOISESHELL
Image_2341.jpg,CLOUDED SULPHUR
Image_2343.jpg,AFRICAN GIANT SWALLOWTAIL
Image_2344.jpg,SOOTYWING
Image_2355.jpg,MOURNING CLOAK
Image_2357.jpg,MILBERTS TORTOISESHELL
Image_2359.jpg,ORANGE TIP
Image_2360.jpg,ADONIS
Image_2361.jpg,ATALA
Image_2362.jpg,WOOD SATYR
Image_2363.jpg,JULIA
Image_2364.jpg,BANDED ORANGE HELICONIAN
Image_2366.jpg,ORANGE OAKLEAF
Image_2367.jpg,GREEN CELLED CATTLEHEART
Image_2368.jpg,RED SPOTTED PURPLE
Image_2370.jpg,MILBERTS TORTOISESHELL
Image_2371.jpg,CAIRNS BIRDWING
Image_2372.jpg,ORCHARD SWALLOW
Image_2374.jpg,APPOLLO
Image_2375.jpg,COMMON WOOD-NYMPH
Image_2376.jpg,PURPLISH COPPER
Image_2377.jpg,PURPLE HAIRSTREAK
Image_2378.jpg,APPOLLO
Image_2379.jpg,BLUE MORPHO
Image_2381.jpg,PEACOCK
Image_2382.jpg,SLEEPY ORANGE
Image_2383.jpg,GREAT JAY
Image_2384.jpg,BANDED ORANGE HELICONIAN
Image_2385.jpg,PIPEVINE SWALLOW
Image_2386.jpg,PURPLISH COPPER
Image_2388.jpg,BLACK HAIRSTREAK
Image_2389.jpg,RED ADMIRAL
Image_2390.jpg,MANGROVE SKIPPER
Image_2391.jpg,BLACK HAIRSTREAK
Image_2392.jpg,RED SPOTTED PURPLE
Image_2393.jpg,GOLD BANDED
Image_2394.jpg,BLACK HAIRSTREAK
Image_2395.jpg,COMMON BANDED AWL
Image_2396.jpg,EASTERN PINE ELFIN
Image_2399.jpg,IPHICLUS SISTER
Image_2400.jpg,IPHICLUS SISTER
Image_2401.jpg,ADONIS
Image_2402.jpg,PURPLISH COPPER
Image_2404.jpg,WOOD SATYR
Image_2405.jpg,MONARCH
Image_2407.jpg,PURPLISH COPPER
Image_2408.jpg,SLEEPY ORANGE
Image_2413.jpg,PAPER KITE
Image_2414.jpg,CLOUDED SULPHUR
Image_2416.jpg,RED CRACKER
Image_2418.jpg,CAIRNS BIRDWING
Image_2419.jpg,RED ADMIRAL
Image_2422.jpg,CLEOPATRA
Image_2426.jpg,COMMON BANDED AWL
Image_2428.jpg,AMERICAN SNOOT
Image_2429.jpg,RED ADMIRAL
Image_2431.jpg,BANDED PEACOCK
Image_2433.jpg,ORANGE TIP
Image_2434.jpg,CLEOPATRA
Image_2435.jpg,SLEEPY ORANGE
Image_2437.jpg,BROWN SIPROETA
Image_2438.jpg,ORCHARD SWALLOW
Image_2439.jpg,BANDED PEACOCK
Image_2440.jpg,SCARCE SWALLOW
Image_2442.jpg,EASTERN PINE ELFIN
Image_2444.jpg,APPOLLO
Image_2445.jpg,COMMON WOOD-NYMPH
Image_2446.jpg,COMMON BANDED AWL
Image_2448.jpg,CABBAGE WHITE
Image_2451.jpg,CAIRNS BIRDWING
Image_2456.jpg,BLACK HAIRSTREAK
Image_2458.jpg,PEACOCK
Image_2459.jpg,PINE WHITE
Image_2460.jpg,SILVER SPOT SKIPPER
Image_2461.jpg,BROWN SIPROETA
Image_2463.jpg,BLUE SPOTTED CROW
Image_2464.jpg,MANGROVE SKIPPER
Image_2470.jpg,COMMON WOOD-NYMPH
Image_2471.jpg,CHESTNUT
Image_2472.jpg,ORCHARD SWALLOW
Image_2474.jpg,IPHICLUS SISTER
Image_2475.jpg,BLUE SPOTTED CROW
Image_2479.jpg,ORANGE TIP
Image_2481.jpg,RED SPOTTED PURPLE
Image_2482.jpg,TROPICAL LEAFWING
Image_2483.jpg,MOURNING CLOAK
Image_2484.jpg,MALACHITE
Image_2489.jpg,SOOTYWING
Image_2490.jpg,BLUE SPOTTED CROW
Image_2491.jpg,CHECQUERED SKIPPER
Image_2493.jpg,YELLOW SWALLOW TAIL
Image_2495.jpg,GREAT EGGFLY
Image_2501.jpg,MONARCH
Image_2502.jpg,QUESTION MARK
Image_2507.jpg,COMMON WOOD-NYMPH
Image_2508.jpg,PINE WHITE
Image_2512.jpg,YELLOW SWALLOW TAIL
Image_2513.jpg,EASTERN COMA
Image_2515.jpg,CLODIUS PARNASSIAN
Image_2516.jpg,ADONIS
Image_2519.jpg,RED ADMIRAL
Image_2520.jpg,ADONIS
Image_2521.jpg,SILVER SPOT SKIPPER
Image_2523.jpg,COPPER TAIL
Image_2524.jpg,CLEOPATRA
Image_2528.jpg,BANDED ORANGE HELICONIAN
Image_2529.jpg,BROWN SIPROETA
Image_2533.jpg,GOLD BANDED
Image_2538.jpg,APPOLLO
Image_2539.jpg,MOURNING CLOAK
Image_2540.jpg,MILBERTS TORTOISESHELL
Image_2542.jpg,BLUE SPOTTED CROW
Image_2546.jpg,RED POSTMAN
Image_2548.jpg,IPHICLUS SISTER
Image_2549.jpg,BANDED ORANGE HELICONIAN
Image_2552.jpg,PINE WHITE
Image_2554.jpg,BROWN SIPROETA
Image_2557.jpg,AMERICAN SNOOT
Image_2559.jpg,QUESTION MARK
Image_2560.jpg,JULIA
Image_2566.jpg,AMERICAN SNOOT
Image_2568.jpg,ULYSES
Image_2569.jpg,EASTERN PINE ELFIN
Image_2574.jpg,PURPLE HAIRSTREAK
Image_2575.jpg,PAPER KITE
Image_2576.jpg,GREAT JAY
Image_2577.jpg,BECKERS WHITE
Image_2578.jpg,IPHICLUS SISTER
Image_2580.jpg,MONARCH
Image_2581.jpg,AN 88
Image_2589.jpg,BANDED PEACOCK
Image_2590.jpg,MANGROVE SKIPPER
Image_2592.jpg,TROPICAL LEAFWING
Image_2593.jpg,BECKERS WHITE
Image_2595.jpg,RED CRACKER
Image_2598.jpg,EASTERN COMA
Image_2603.jpg,PINE WHITE
Image_2604.jpg,ULYSES
Image_2608.jpg,CABBAGE WHITE
Image_2609.jpg,EASTERN PINE ELFIN
Image_2611.jpg,RED POSTMAN
Image_2612.jpg,WOOD SATYR
Image_2614.jpg,PIPEVINE SWALLOW
Image_2616.jpg,CAIRNS BIRDWING
Image_2620.jpg,TWO BARRED FLASHER
Image_2621.jpg,INDRA SWALLOW
Image_2623.jpg,CHECQUERED SKIPPER
Image_2624.jpg,RED POSTMAN
Image_2626.jpg,COMMON BANDED AWL
Image_2629.jpg,MONARCH
Image_2630.jpg,BLUE MORPHO
Image_2631.jpg,EASTERN DAPPLE WHITE
Image_2633.jpg,ORANGE TIP
Image_2640.jpg,VICEROY
Image_2641.jpg,CHESTNUT
Image_2650.jpg,POPINJAY
Image_2651.jpg,MOURNING CLOAK
Image_2654.jpg,GREAT JAY
Image_2657.jpg,PIPEVINE SWALLOW
Image_2658.jpg,QUESTION MARK
Image_2660.jpg,ULYSES
Image_2665.jpg,BROWN SIPROETA
Image_2666.jpg,CRIMSON PATCH
Image_2667.jpg,GREAT EGGFLY
Image_2669.jpg,TWO BARRED FLASHER
Image_2671.jpg,PAPER KITE
Image_2673.jpg,SCARCE SWALLOW
Image_2674.jpg,BANDED ORANGE HELICONIAN
Image_2680.jpg,GREY HAIRSTREAK
Image_2682.jpg,ATALA
Image_2684.jpg,RED POSTMAN
Image_2686.jpg,GREAT EGGFLY
Image_2688.jpg,SILVER SPOT SKIPPER
Image_2689.jpg,ADONIS
Image_2690.jpg,PURPLE HAIRSTREAK
Image_2691.jpg,ATALA
Image_2696.jpg,CAIRNS BIRDWING
Image_2697.jpg,ORCHARD SWALLOW
Image_2700.jpg,MONARCH
Image_2701.jpg,EASTERN COMA
Image_2707.jpg,GREAT EGGFLY
Image_2708.jpg,STRAITED QUEEN
Image_2711.jpg,MALACHITE
Image_2712.jpg,CRIMSON PATCH
Image_2713.jpg,YELLOW SWALLOW TAIL
Image_2717.jpg,CHECQUERED SKIPPER
Image_2718.jpg,GOLD BANDED
Image_2722.jpg,ADONIS
Image_2723.jpg,AN 88
Image_2726.jpg,CRECENT
Image_2727.jpg,GREY HAIRSTREAK
Image_2728.jpg,PURPLISH COPPER
Image_2729.jpg,ULYSES
Image_2730.jpg,CHESTNUT
Image_2731.jpg,COPPER TAIL
Image_2732.jpg,COMMON BANDED AWL
Image_2733.jpg,APPOLLO
Image_2734.jpg,BANDED PEACOCK
Image_2735.jpg,RED POSTMAN
Image_2736.jpg,SLEEPY ORANGE
Image_2739.jpg,SOUTHERN DOGFACE
Image_2740.jpg,MANGROVE SKIPPER
Image_2742.jpg,APPOLLO
Image_2743.jpg,SOOTYWING
Image_2745.jpg,STRAITED QUEEN
Image_2746.jpg,ORCHARD SWALLOW
Image_2749.jpg,PAINTED LADY
Image_2751.jpg,CLEOPATRA
Image_2754.jpg,PINE WHITE
Image_2755.jpg,ORANGE TIP
Image_2756.jpg,PURPLE HAIRSTREAK
Image_2757.jpg,YELLOW SWALLOW TAIL
Image_2760.jpg,AFRICAN GIANT SWALLOWTAIL
Image_2761.jpg,CLEOPATRA
Image_2762.jpg,AN 88
Image_2763.jpg,INDRA SWALLOW
Image_2764.jpg,CLEOPATRA
Image_2765.jpg,INDRA SWALLOW
Image_2767.jpg,MANGROVE SKIPPER
Image_2769.jpg,RED POSTMAN
Image_2771.jpg,EASTERN COMA
Image_2772.jpg,MOURNING CLOAK
Image_2773.jpg,VICEROY
Image_2774.jpg,RED ADMIRAL
Image_2778.jpg,ELBOWED PIERROT
Image_2780.jpg,PINE WHITE
Image_2782.jpg,IPHICLUS SISTER
Image_2783.jpg,BANDED ORANGE HELICONIAN
Image_2785.jpg,ATALA
Image_2786.jpg,MALACHITE
Image_2787.jpg,CABBAGE WHITE
Image_2790.jpg,EASTERN DAPPLE WHITE
Image_2791.jpg,ZEBRA LONG WING
Image_2792.jpg,BANDED ORANGE HELICONIAN
Image_2797.jpg,MILBERTS TORTOISESHELL
Image_2798.jpg,MILBERTS TORTOISESHELL
Image_2801.jpg,PAINTED LADY
Image_2803.jpg,QUESTION MARK
Image_2806.jpg,MONARCH
Image_2807.jpg,MONARCH
Image_2810.jpg,ORANGE OAKLEAF
Image_2816.jpg,GREAT JAY
Image_2818.jpg,CRECENT
Image_2819.jpg,QUESTION MARK
Image_2821.jpg,YELLOW SWALLOW TAIL
Image_2822.jpg,TWO BARRED FLASHER
Image_2826.jpg,AFRICAN GIANT SWALLOWTAIL
Image_2829.jpg,DANAID EGGFLY
Image_2830.jpg,SLEEPY ORANGE
Image_2831.jpg,CHESTNUT
Image_2832.jpg,POPINJAY
Image_2834.jpg,SCARCE SWALLOW
Image_2835.jpg,BLACK HAIRSTREAK
Image_2837.jpg,BLUE MORPHO
Image_2839.jpg,GOLD BANDED
Image_2840.jpg,RED ADMIRAL
Image_2841.jpg,QUESTION MARK
Image_2851.jpg,COPPER TAIL
Image_2852.jpg,ORCHARD SWALLOW
Image_2853.jpg,RED SPOTTED PURPLE
Image_2854.jpg,ORANGE TIP
Image_2856.jpg,MESTRA
Image_2857.jpg,ORANGE TIP
Image_2858.jpg,PINE WHITE
Image_2860.jpg,MOURNING CLOAK
Image_2861.jpg,BROWN SIPROETA
Image_2864.jpg,COMMON WOOD-NYMPH
Image_2870.jpg,APPOLLO
Image_2871.jpg,IPHICLUS SISTER
Image_2875.jpg,PIPEVINE SWALLOW
Image_2876.jpg,PURPLISH COPPER
Image_2877.jpg,WOOD SATYR
Image_2878.jpg,LARGE MARBLE
Image_2879.jpg,PIPEVINE SWALLOW
Image_2881.jpg,MESTRA
Image_2883.jpg,BROWN SIPROETA
Image_2884.jpg,INDRA SWALLOW
Image_2891.jpg,SLEEPY ORANGE
Image_2894.jpg,BANDED ORANGE HELICONIAN
Image_2895.jpg,ULYSES
Image_2896.jpg,VICEROY
Image_2898.jpg,PIPEVINE SWALLOW
Image_2899.jpg,TWO BARRED FLASHER
Image_2900.jpg,DANAID EGGFLY
Image_2901.jpg,GREAT EGGFLY
Image_2902.jpg,MOURNING CLOAK
Image_2903.jpg,MONARCH
Image_2904.jpg,CABBAGE WHITE
Image_2905.jpg,BLUE SPOTTED CROW
Image_2906.jpg,CABBAGE WHITE
Image_2907.jpg,MESTRA
Image_2908.jpg,APPOLLO
Image_2909.jpg,POPINJAY
Image_2910.jpg,GREAT EGGFLY
Image_2912.jpg,SCARCE SWALLOW
Image_2913.jpg,MILBERTS TORTOISESHELL
Image_2917.jpg,WOOD SATYR
Image_2918.jpg,BANDED PEACOCK
Image_2920.jpg,EASTERN DAPPLE WHITE
Image_2924.jpg,ORCHARD SWALLOW
Image_2926.jpg,COPPER TAIL
Image_2927.jpg,SOOTYWING
Image_2930.jpg,RED CRACKER
Image_2934.jpg,MILBERTS TORTOISESHELL
Image_2935.jpg,CLOUDED SULPHUR
Image_2936.jpg,COMMON BANDED AWL
Image_2937.jpg,MILBERTS TORTOISESHELL
Image_2938.jpg,GREAT JAY
Image_2939.jpg,STRAITED QUEEN
Image_2941.jpg,GOLD BANDED
Image_2943.jpg,EASTERN DAPPLE WHITE
Image_2944.jpg,SOUTHERN DOGFACE
Image_2945.jpg,JULIA
Image_2946.jpg,CLOUDED SULPHUR
Image_2947.jpg,MALACHITE
Image_2948.jpg,PAPER KITE
Image_2951.jpg,PEACOCK
Image_2953.jpg,GREEN CELLED CATTLEHEART
Image_2954.jpg,WOOD SATYR
Image_2955.jpg,STRAITED QUEEN
Image_2959.jpg,ADONIS
Image_2960.jpg,ADONIS
Image_2962.jpg,BLACK HAIRSTREAK
Image_2966.jpg,WOOD SATYR
Image_2968.jpg,MOURNING CLOAK
Image_2972.jpg,CLOUDED SULPHUR
Image_2974.jpg,CABBAGE WHITE
Image_2975.jpg,IPHICLUS SISTER
Image_2976.jpg,VICEROY
Image_2978.jpg,CHESTNUT
Image_2979.jpg,RED ADMIRAL
Image_2981.jpg,ULYSES
Image_2984.jpg,MOURNING CLOAK
Image_2985.jpg,LARGE MARBLE
Image_2987.jpg,COMMON WOOD-NYMPH
Image_2988.jpg,MESTRA
Image_2989.jpg,SILVER SPOT SKIPPER
Image_2991.jpg,PAINTED LADY
Image_2994.jpg,COMMON BANDED AWL
Image_2996.jpg,ELBOWED PIERROT
Image_3000.jpg,BECKERS WHITE
Image_3001.jpg,EASTERN PINE ELFIN
Image_3002.jpg,BECKERS WHITE
Image_3003.jpg,SCARCE SWALLOW
Image_3004.jpg,BLUE MORPHO
Image_3005.jpg,BANDED PEACOCK
Image_3006.jpg,MESTRA
Image_3007.jpg,GREAT EGGFLY
Image_3008.jpg,EASTERN COMA
Image_3010.jpg,MESTRA
Image_3012.jpg,GREEN CELLED CATTLEHEART
Image_3014.jpg,CLOUDED SULPHUR
Image_3015.jpg,EASTERN PINE ELFIN
Image_3016.jpg,VICEROY
Image_3019.jpg,CHESTNUT
Image_3020.jpg,MALACHITE
Image_3021.jpg,EASTERN COMA
Image_3022.jpg,CLODIUS PARNASSIAN
Image_3023.jpg,AN 88
Image_3024.jpg,RED ADMIRAL
Image_3026.jpg,INDRA SWALLOW
Image_3029.jpg,APPOLLO
Image_3032.jpg,COMMON WOOD-NYMPH
Image_3034.jpg,EASTERN COMA
Image_3036.jpg,ADONIS
Image_3039.jpg,STRAITED QUEEN
Image_3042.jpg,VICEROY
Image_3044.jpg,RED ADMIRAL
Image_3046.jpg,BROWN SIPROETA
Image_3048.jpg,GREAT EGGFLY
Image_3050.jpg,POPINJAY
Image_3051.jpg,EASTERN COMA
Image_3053.jpg,BROWN SIPROETA
Image_3055.jpg,BANDED PEACOCK
Image_3056.jpg,SILVER SPOT SKIPPER
Image_3058.jpg,WOOD SATYR
Image_3060.jpg,GREY HAIRSTREAK
Image_3068.jpg,WOOD SATYR
Image_3071.jpg,GREY HAIRSTREAK
Image_3073.jpg,ORCHARD SWALLOW
Image_3074.jpg,METALMARK
Image_3075.jpg,MONARCH
Image_3076.jpg,BECKERS WHITE
Image_3077.jpg,PEACOCK
Image_3078.jpg,STRAITED QUEEN
Image_3080.jpg,PURPLISH COPPER
Image_3081.jpg,CLEOPATRA
Image_3085.jpg,POPINJAY
Image_3090.jpg,ULYSES
Image_3091.jpg,COPPER TAIL
Image_3092.jpg,RED SPOTTED PURPLE
Image_3094.jpg,MONARCH
Image_3095.jpg,PURPLE HAIRSTREAK
Image_3096.jpg,GREY HAIRSTREAK
Image_3099.jpg,QUESTION MARK
Image_3100.jpg,CABBAGE WHITE
Image_3102.jpg,RED SPOTTED PURPLE
Image_3104.jpg,ORANGE TIP
Image_3105.jpg,MONARCH
Image_3107.jpg,PAINTED LADY
Image_3108.jpg,ADONIS
Image_3113.jpg,EASTERN PINE ELFIN
Image_3114.jpg,EASTERN PINE ELFIN
Image_3115.jpg,QUESTION MARK
Image_3116.jpg,GREY HAIRSTREAK
Image_3122.jpg,EASTERN DAPPLE WHITE
Image_3127.jpg,ORANGE TIP
Image_3128.jpg,MONARCH
Image_3131.jpg,PAPER KITE
Image_3133.jpg,RED POSTMAN
Image_3134.jpg,CLODIUS PARNASSIAN
Image_3135.jpg,CLODIUS PARNASSIAN
Image_3136.jpg,ATALA
Image_3140.jpg,PURPLE HAIRSTREAK
Image_3146.jpg,ATALA
Image_3147.jpg,RED POSTMAN
Image_3150.jpg,PURPLE HAIRSTREAK
Image_3151.jpg,ATALA
Image_3152.jpg,PURPLISH COPPER
Image_3154.jpg,GREY HAIRSTREAK
Image_3155.jpg,SLEEPY ORANGE
Image_3157.jpg,CLOUDED SULPHUR
Image_3158.jpg,ULYSES
Image_3162.jpg,AMERICAN SNOOT
Image_3163.jpg,DANAID EGGFLY
Image_3164.jpg,ORANGE OAKLEAF
Image_3165.jpg,AN 88
Image_3167.jpg,ORANGE OAKLEAF
Image_3169.jpg,STRAITED QUEEN
Image_3170.jpg,VICEROY
Image_3172.jpg,MANGROVE SKIPPER
Image_3173.jpg,PAINTED LADY
Image_3182.jpg,COMMON WOOD-NYMPH
Image_3184.jpg,GREAT EGGFLY
Image_3185.jpg,PURPLISH COPPER
Image_3186.jpg,PAINTED LADY
Image_3187.jpg,LARGE MARBLE
Image_3190.jpg,MANGROVE SKIPPER
Image_3193.jpg,YELLOW SWALLOW TAIL
Image_3195.jpg,BLACK HAIRSTREAK
Image_3202.jpg,TROPICAL LEAFWING
Image_3203.jpg,EASTERN DAPPLE WHITE
Image_3205.jpg,ORANGE OAKLEAF
Image_3208.jpg,PIPEVINE SWALLOW
Image_3209.jpg,EASTERN COMA
Image_3211.jpg,DANAID EGGFLY
Image_3212.jpg,YELLOW SWALLOW TAIL
Image_3213.jpg,CLODIUS PARNASSIAN
Image_3214.jpg,PIPEVINE SWALLOW
Image_3215.jpg,JULIA
Image_3216.jpg,ELBOWED PIERROT
Image_3217.jpg,CLEOPATRA
Image_3218.jpg,DANAID EGGFLY
Image_3221.jpg,MOURNING CLOAK
Image_3222.jpg,CHESTNUT
Image_3224.jpg,TROPICAL LEAFWING
Image_3225.jpg,POPINJAY
Image_3226.jpg,DANAID EGGFLY
Image_3227.jpg,AN 88
Image_3234.jpg,SILVER SPOT SKIPPER
Image_3236.jpg,INDRA SWALLOW
Image_3237.jpg,ORCHARD SWALLOW
Image_3238.jpg,SCARCE SWALLOW
Image_3240.jpg,CLODIUS PARNASSIAN
Image_3242.jpg,YELLOW SWALLOW TAIL
Image_3243.jpg,METALMARK
Image_3244.jpg,ORANGE OAKLEAF
Image_3246.jpg,ELBOWED PIERROT
Image_3247.jpg,EASTERN COMA
Image_3248.jpg,SOUTHERN DOGFACE
Image_3249.jpg,ELBOWED PIERROT
Image_3251.jpg,CLODIUS PARNASSIAN
Image_3252.jpg,BECKERS WHITE
Image_3253.jpg,ORCHARD SWALLOW
Image_3256.jpg,SCARCE SWALLOW
Image_3257.jpg,INDRA SWALLOW
Image_3258.jpg,BLACK HAIRSTREAK
Image_3259.jpg,ZEBRA LONG WING
Image_3261.jpg,RED ADMIRAL
Image_3262.jpg,BLUE MORPHO
Image_3263.jpg,BANDED ORANGE HELICONIAN
Image_3269.jpg,GREY HAIRSTREAK
Image_3271.jpg,GREY HAIRSTREAK
Image_3273.jpg,POPINJAY
Image_3274.jpg,CRECENT
Image_3275.jpg,CLEOPATRA
Image_3277.jpg,VICEROY
Image_3278.jpg,PAINTED LADY
Image_3280.jpg,CRECENT
Image_3283.jpg,PURPLISH COPPER
Image_3287.jpg,SILVER SPOT SKIPPER
Image_3292.jpg,CRIMSON PATCH
Image_3293.jpg,YELLOW SWALLOW TAIL
Image_3295.jpg,CLEOPATRA
Image_3300.jpg,APPOLLO
Image_3302.jpg,MALACHITE
Image_3303.jpg,ADONIS
Image_3306.jpg,GREY HAIRSTREAK
Image_3307.jpg,LARGE MARBLE
Image_3310.jpg,EASTERN DAPPLE WHITE
Image_3312.jpg,MILBERTS TORTOISESHELL
Image_3314.jpg,CRECENT
Image_3315.jpg,WOOD SATYR
Image_3316.jpg,RED CRACKER
Image_3317.jpg,CLOUDED SULPHUR
Image_3318.jpg,BECKERS WHITE
Image_3322.jpg,CLODIUS PARNASSIAN
Image_3323.jpg,LARGE MARBLE
Image_3328.jpg,MONARCH
Image_3330.jpg,BANDED ORANGE HELICONIAN
Image_3332.jpg,GREAT JAY
Image_3333.jpg,AN 88
Image_3334.jpg,PIPEVINE SWALLOW
Image_3335.jpg,EASTERN COMA
Image_3336.jpg,LARGE MARBLE
Image_3337.jpg,JULIA
Image_3340.jpg,STRAITED QUEEN
Image_3341.jpg,STRAITED QUEEN
Image_3342.jpg,CHESTNUT
Image_3344.jpg,MONARCH
Image_3346.jpg,CHECQUERED SKIPPER
Image_3347.jpg,CLOUDED SULPHUR
Image_3348.jpg,ORANGE TIP
Image_3353.jpg,GREEN CELLED CATTLEHEART
Image_3354.jpg,PAINTED LADY
Image_3355.jpg,RED POSTMAN
Image_3361.jpg,ULYSES
Image_3362.jpg,RED POSTMAN
Image_3363.jpg,YELLOW SWALLOW TAIL
Image_3364.jpg,BANDED ORANGE HELICONIAN
Image_3365.jpg,AFRICAN GIANT SWALLOWTAIL
Image_3366.jpg,ORCHARD SWALLOW
Image_3369.jpg,RED SPOTTED PURPLE
Image_3370.jpg,CRECENT
Image_3371.jpg,AN 88
Image_3372.jpg,ORANGE TIP
Image_3373.jpg,PEACOCK
Image_3375.jpg,CHECQUERED SKIPPER
Image_3377.jpg,CHECQUERED SKIPPER
Image_3381.jpg,AMERICAN SNOOT
Image_3382.jpg,YELLOW SWALLOW TAIL
Image_3387.jpg,EASTERN COMA
Image_3391.jpg,TROPICAL LEAFWING
Image_3392.jpg,EASTERN COMA
Image_3395.jpg,CRIMSON PATCH
Image_3396.jpg,METALMARK
Image_3397.jpg,PAPER KITE
Image_3399.jpg,SOOTYWING
Image_3401.jpg,EASTERN PINE ELFIN
Image_3403.jpg,BANDED PEACOCK
Image_3405.jpg,SILVER SPOT SKIPPER
Image_3406.jpg,COMMON WOOD-NYMPH
Image_3408.jpg,MESTRA
Image_3411.jpg,EASTERN DAPPLE WHITE
Image_3412.jpg,POPINJAY
Image_3414.jpg,AN 88
Image_3415.jpg,QUESTION MARK
Image_3419.jpg,BLUE SPOTTED CROW
Image_3420.jpg,SCARCE SWALLOW
Image_3421.jpg,PAPER KITE
Image_3423.jpg,BANDED ORANGE HELICONIAN
Image_3426.jpg,ORCHARD SWALLOW
Image_3431.jpg,AMERICAN SNOOT
Image_3432.jpg,COPPER TAIL
Image_3433.jpg,RED CRACKER
Image_3435.jpg,SCARCE SWALLOW
Image_3436.jpg,PAINTED LADY
Image_3437.jpg,ORCHARD SWALLOW
Image_3438.jpg,SLEEPY ORANGE
Image_3442.jpg,CHESTNUT
Image_3446.jpg,MONARCH
Image_3447.jpg,RED SPOTTED PURPLE
Image_3451.jpg,BANDED PEACOCK
Image_3452.jpg,BECKERS WHITE
Image_3454.jpg,MILBERTS TORTOISESHELL
Image_3455.jpg,PIPEVINE SWALLOW
Image_3456.jpg,CRECENT
Image_3458.jpg,PEACOCK
Image_3460.jpg,BANDED ORANGE HELICONIAN
Image_3461.jpg,MOURNING CLOAK
Image_3463.jpg,MALACHITE
Image_3465.jpg,AN 88
Image_3467.jpg,AFRICAN GIANT SWALLOWTAIL
Image_3469.jpg,CLOUDED SULPHUR
Image_3472.jpg,MANGROVE SKIPPER
Image_3474.jpg,VICEROY
Image_3475.jpg,CHESTNUT
Image_3481.jpg,BLACK HAIRSTREAK
Image_3482.jpg,GOLD BANDED
Image_3484.jpg,RED ADMIRAL
Image_3485.jpg,BLUE SPOTTED CROW
Image_3488.jpg,RED CRACKER
Image_3489.jpg,STRAITED QUEEN
Image_3492.jpg,BLUE MORPHO
Image_3494.jpg,EASTERN DAPPLE WHITE
Image_3495.jpg,IPHICLUS SISTER
Image_3496.jpg,RED ADMIRAL
Image_3497.jpg,BROWN SIPROETA
Image_3498.jpg,EASTERN PINE ELFIN
Image_3502.jpg,TROPICAL LEAFWING
Image_3503.jpg,RED CRACKER
Image_3505.jpg,CRIMSON PATCH
Image_3506.jpg,GREAT JAY
Image_3509.jpg,MESTRA
Image_3512.jpg,CLEOPATRA
Image_3516.jpg,JULIA
Image_3519.jpg,STRAITED QUEEN
Image_3520.jpg,AMERICAN SNOOT
Image_3521.jpg,TWO BARRED FLASHER
Image_3523.jpg,PINE WHITE
Image_3531.jpg,POPINJAY
Image_3535.jpg,AN 88
Image_3536.jpg,METALMARK
Image_3537.jpg,GREAT EGGFLY
Image_3539.jpg,EASTERN PINE ELFIN
Image_3542.jpg,BLUE MORPHO
Image_3544.jpg,GREY HAIRSTREAK
Image_3545.jpg,POPINJAY
Image_3547.jpg,RED SPOTTED PURPLE
Image_3548.jpg,CLOUDED SULPHUR
Image_3550.jpg,QUESTION MARK
Image_3551.jpg,JULIA
Image_3554.jpg,RED ADMIRAL
Image_3559.jpg,ADONIS
Image_3564.jpg,ELBOWED PIERROT
Image_3565.jpg,BANDED ORANGE HELICONIAN
Image_3568.jpg,PURPLISH COPPER
Image_3570.jpg,PAINTED LADY
Image_3574.jpg,SILVER SPOT SKIPPER
Image_3576.jpg,VICEROY
Image_3577.jpg,CAIRNS BIRDWING
Image_3580.jpg,EASTERN DAPPLE WHITE
Image_3581.jpg,AN 88
Image_3582.jpg,GREAT EGGFLY
Image_3585.jpg,CAIRNS BIRDWING
Image_3586.jpg,ELBOWED PIERROT
Image_3587.jpg,EASTERN DAPPLE WHITE
Image_3588.jpg,CRIMSON PATCH
Image_3589.jpg,CAIRNS BIRDWING
Image_3591.jpg,IPHICLUS SISTER
Image_3593.jpg,GOLD BANDED
Image_3596.jpg,CRECENT
Image_3597.jpg,CAIRNS BIRDWING
Image_3600.jpg,ORCHARD SWALLOW
Image_3601.jpg,CRECENT
Image_3602.jpg,CHECQUERED SKIPPER
Image_3604.jpg,TROPICAL LEAFWING
Image_3605.jpg,LARGE MARBLE
Image_3606.jpg,BANDED ORANGE HELICONIAN
Image_3607.jpg,ORANGE OAKLEAF
Image_3609.jpg,BANDED PEACOCK
Image_3610.jpg,MOURNING CLOAK
Image_3615.jpg,PURPLE HAIRSTREAK
Image_3617.jpg,GREEN CELLED CATTLEHEART
Image_3618.jpg,BANDED PEACOCK
Image_3619.jpg,EASTERN DAPPLE WHITE
Image_3620.jpg,TWO BARRED FLASHER
Image_3621.jpg,ADONIS
Image_3623.jpg,DANAID EGGFLY
Image_3625.jpg,CLEOPATRA
Image_3629.jpg,ULYSES
Image_3632.jpg,TROPICAL LEAFWING
Image_3635.jpg,BECKERS WHITE
Image_3636.jpg,PEACOCK
Image_3637.jpg,ORANGE OAKLEAF
Image_3639.jpg,COPPER TAIL
Image_3640.jpg,QUESTION MARK
Image_3649.jpg,BLUE MORPHO
Image_3651.jpg,CLEOPATRA
Image_3654.jpg,YELLOW SWALLOW TAIL
Image_3656.jpg,POPINJAY
Image_3657.jpg,CHECQUERED SKIPPER
Image_3658.jpg,COPPER TAIL
Image_3659.jpg,PURPLE HAIRSTREAK
Image_3660.jpg,ADONIS
Image_3661.jpg,SLEEPY ORANGE
Image_3662.jpg,AMERICAN SNOOT
Image_3663.jpg,CRECENT
Image_3665.jpg,GREAT JAY
Image_3666.jpg,AN 88
Image_3667.jpg,RED ADMIRAL
Image_3670.jpg,SOOTYWING
Image_3673.jpg,ORCHARD SWALLOW
Image_3675.jpg,GREEN CELLED CATTLEHEART
Image_3676.jpg,RED POSTMAN
Image_3677.jpg,RED ADMIRAL
Image_3678.jpg,BANDED PEACOCK
Image_3679.jpg,GREAT JAY
Image_3680.jpg,MALACHITE
Image_3681.jpg,ULYSES
Image_3684.jpg,MESTRA
Image_3685.jpg,AFRICAN GIANT SWALLOWTAIL
Image_3686.jpg,SILVER SPOT SKIPPER
Image_3687.jpg,MANGROVE SKIPPER
Image_3688.jpg,CHECQUERED SKIPPER
Image_3691.jpg,COPPER TAIL
Image_3692.jpg,BLACK HAIRSTREAK
Image_3693.jpg,AMERICAN SNOOT
Image_3697.jpg,SOOTYWING
Image_3705.jpg,POPINJAY
Image_3707.jpg,SCARCE SWALLOW
Image_3708.jpg,CLODIUS PARNASSIAN
Image_3709.jpg,METALMARK
Image_3710.jpg,CLEOPATRA
Image_3711.jpg,ORANGE TIP
Image_3713.jpg,EASTERN DAPPLE WHITE
Image_3714.jpg,COMMON BANDED AWL
Image_3715.jpg,BANDED ORANGE HELICONIAN
Image_3718.jpg,CHESTNUT
Image_3721.jpg,ORANGE TIP
Image_3722.jpg,CLODIUS PARNASSIAN
Image_3724.jpg,AMERICAN SNOOT
Image_3725.jpg,DANAID EGGFLY
Image_3729.jpg,JULIA
Image_3730.jpg,COMMON BANDED AWL
Image_3731.jpg,MOURNING CLOAK
Image_3733.jpg,PEACOCK
Image_3737.jpg,STRAITED QUEEN
Image_3738.jpg,PAPER KITE
Image_3740.jpg,ADONIS
Image_3741.jpg,CLEOPATRA
Image_3744.jpg,ORCHARD SWALLOW
Image_3746.jpg,BLACK HAIRSTREAK
Image_3748.jpg,STRAITED QUEEN
Image_3751.jpg,DANAID EGGFLY
Image_3752.jpg,RED POSTMAN
Image_3753.jpg,MILBERTS TORTOISESHELL
Image_3754.jpg,RED CRACKER
Image_3759.jpg,BLUE MORPHO
Image_3760.jpg,MONARCH
Image_3761.jpg,PURPLISH COPPER
Image_3762.jpg,ULYSES
Image_3763.jpg,BLUE SPOTTED CROW
Image_3764.jpg,EASTERN COMA
Image_3766.jpg,METALMARK
Image_3770.jpg,ELBOWED PIERROT
Image_3774.jpg,GREEN CELLED CATTLEHEART
Image_3776.jpg,BECKERS WHITE
Image_3777.jpg,LARGE MARBLE
Image_3778.jpg,CLEOPATRA
Image_3780.jpg,TROPICAL LEAFWING
Image_3783.jpg,EASTERN PINE ELFIN
Image_3787.jpg,COMMON BANDED AWL
Image_3789.jpg,MESTRA
Image_3792.jpg,GREEN CELLED CATTLEHEART
Image_3795.jpg,GREAT JAY
Image_3796.jpg,BLUE SPOTTED CROW
Image_3797.jpg,SCARCE SWALLOW
Image_3799.jpg,ELBOWED PIERROT
Image_3800.jpg,ELBOWED PIERROT
Image_3801.jpg,JULIA
Image_3802.jpg,SLEEPY ORANGE
Image_3804.jpg,COMMON BANDED AWL
Image_3806.jpg,CHECQUERED SKIPPER
Image_3808.jpg,COPPER TAIL
Image_3809.jpg,ADONIS
Image_3811.jpg,ORANGE TIP
Image_3814.jpg,CHECQUERED SKIPPER
Image_3815.jpg,IPHICLUS SISTER
Image_3817.jpg,ZEBRA LONG WING
Image_3818.jpg,MONARCH
Image_3819.jpg,PAINTED LADY
Image_3822.jpg,ORANGE OAKLEAF
Image_3823.jpg,ATALA
Image_3826.jpg,PIPEVINE SWALLOW
Image_3830.jpg,YELLOW SWALLOW TAIL
Image_3832.jpg,YELLOW SWALLOW TAIL
Image_3833.jpg,APPOLLO
Image_3835.jpg,ELBOWED PIERROT
Image_3836.jpg,CABBAGE WHITE
Image_3837.jpg,CAIRNS BIRDWING
Image_3840.jpg,PEACOCK
Image_3841.jpg,GREEN CELLED CATTLEHEART
Image_3843.jpg,VICEROY
Image_3846.jpg,PAPER KITE
Image_3849.jpg,PURPLE HAIRSTREAK
Image_3850.jpg,BLUE SPOTTED CROW
Image_3852.jpg,EASTERN DAPPLE WHITE
Image_3855.jpg,GREY HAIRSTREAK
Image_3858.jpg,QUESTION MARK
Image_3860.jpg,BECKERS WHITE
Image_3863.jpg,QUESTION MARK
Image_3865.jpg,METALMARK
Image_3866.jpg,METALMARK
Image_3875.jpg,MESTRA
Image_3878.jpg,GREEN CELLED CATTLEHEART
Image_3886.jpg,WOOD SATYR
Image_3887.jpg,PAINTED LADY
Image_3888.jpg,CLOUDED SULPHUR
Image_3891.jpg,AFRICAN GIANT SWALLOWTAIL
Image_3892.jpg,DANAID EGGFLY
Image_3894.jpg,MOURNING CLOAK
Image_3901.jpg,CABBAGE WHITE
Image_3904.jpg,MALACHITE
Image_3906.jpg,LARGE MARBLE
Image_3908.jpg,VICEROY
Image_3910.jpg,PINE WHITE
Image_3912.jpg,SOOTYWING
Image_3913.jpg,COPPER TAIL
Image_3914.jpg,YELLOW SWALLOW TAIL
Image_3915.jpg,SILVER SPOT SKIPPER
Image_3918.jpg,GREY HAIRSTREAK
Image_3920.jpg,COMMON WOOD-NYMPH
Image_3922.jpg,TWO BARRED FLASHER
Image_3924.jpg,CLOUDED SULPHUR
Image_3925.jpg,CRIMSON PATCH
Image_3926.jpg,ORANGE OAKLEAF
Image_3928.jpg,APPOLLO
Image_3929.jpg,CHECQUERED SKIPPER
Image_3932.jpg,CLEOPATRA
Image_3935.jpg,SCARCE SWALLOW
Image_3937.jpg,RED POSTMAN
Image_3943.jpg,TWO BARRED FLASHER
Image_3944.jpg,SOUTHERN DOGFACE
Image_3945.jpg,AFRICAN GIANT SWALLOWTAIL
Image_3947.jpg,IPHICLUS SISTER
Image_3950.jpg,SLEEPY ORANGE
Image_3954.jpg,ATALA
Image_3956.jpg,PAPER KITE
Image_3958.jpg,SOUTHERN DOGFACE
Image_3959.jpg,TWO BARRED FLASHER
Image_3960.jpg,EASTERN COMA
Image_3962.jpg,PEACOCK
Image_3963.jpg,SLEEPY ORANGE
Image_3970.jpg,PAINTED LADY
Image_3972.jpg,STRAITED QUEEN
Image_3974.jpg,METALMARK
Image_3975.jpg,MILBERTS TORTOISESHELL
Image_3976.jpg,COPPER TAIL
Image_3977.jpg,EASTERN COMA
Image_3979.jpg,GREY HAIRSTREAK
Image_3980.jpg,IPHICLUS SISTER
Image_3981.jpg,METALMARK
Image_3982.jpg,AFRICAN GIANT SWALLOWTAIL
Image_3985.jpg,APPOLLO
Image_3986.jpg,RED ADMIRAL
Image_3989.jpg,AMERICAN SNOOT
Image_3990.jpg,VICEROY
Image_3993.jpg,GOLD BANDED
Image_3994.jpg,SCARCE SWALLOW
Image_3995.jpg,APPOLLO
Image_3996.jpg,SOUTHERN DOGFACE
Image_3997.jpg,CAIRNS BIRDWING
Image_4001.jpg,TWO BARRED FLASHER
Image_4002.jpg,CABBAGE WHITE
Image_4003.jpg,ORANGE TIP
Image_4004.jpg,ELBOWED PIERROT
Image_4005.jpg,PINE WHITE
Image_4006.jpg,INDRA SWALLOW
Image_4007.jpg,MESTRA
Image_4008.jpg,MESTRA
Image_4009.jpg,ADONIS
Image_4010.jpg,COMMON WOOD-NYMPH
Image_4011.jpg,GREAT EGGFLY
Image_4012.jpg,PAPER KITE
Image_4013.jpg,PIPEVINE SWALLOW
Image_4014.jpg,PURPLISH COPPER
Image_4018.jpg,MILBERTS TORTOISESHELL
Image_4019.jpg,PAINTED LADY
Image_4024.jpg,MILBERTS TORTOISESHELL
Image_4027.jpg,RED ADMIRAL
Image_4029.jpg,EASTERN PINE ELFIN
Image_4030.jpg,SILVER SPOT SKIPPER
Image_4031.jpg,MILBERTS TORTOISESHELL
Image_4033.jpg,ZEBRA LONG WING
Image_4036.jpg,EASTERN COMA
Image_4038.jpg,ULYSES
Image_4043.jpg,MANGROVE SKIPPER
Image_4044.jpg,RED POSTMAN
Image_4045.jpg,GREAT EGGFLY
Image_4050.jpg,GOLD BANDED
Image_4051.jpg,CLEOPATRA
Image_4061.jpg,PURPLISH COPPER
Image_4062.jpg,QUESTION MARK
Image_4063.jpg,DANAID EGGFLY
Image_4064.jpg,CRECENT
Image_4065.jpg,PAPER KITE
Image_4066.jpg,VICEROY
Image_4070.jpg,SOOTYWING
Image_4071.jpg,ATALA
Image_4072.jpg,ZEBRA LONG WING
Image_4073.jpg,BLUE MORPHO
Image_4076.jpg,COMMON BANDED AWL
Image_4078.jpg,SLEEPY ORANGE
Image_4081.jpg,COMMON WOOD-NYMPH
Image_4083.jpg,IPHICLUS SISTER
Image_4085.jpg,PEACOCK
Image_4088.jpg,PIPEVINE SWALLOW
Image_4090.jpg,LARGE MARBLE
Image_4092.jpg,SOUTHERN DOGFACE
Image_4093.jpg,GREY HAIRSTREAK
Image_4095.jpg,RED CRACKER
Image_4096.jpg,ZEBRA LONG WING
Image_4097.jpg,TWO BARRED FLASHER
Image_4099.jpg,BLUE SPOTTED CROW
Image_4101.jpg,SILVER SPOT SKIPPER
Image_4102.jpg,AMERICAN SNOOT
Image_4104.jpg,RED CRACKER
Image_4105.jpg,PEACOCK
Image_4106.jpg,MALACHITE
Image_4107.jpg,BROWN SIPROETA
Image_4108.jpg,CHESTNUT
Image_4110.jpg,POPINJAY
Image_4116.jpg,BLUE SPOTTED CROW
Image_4118.jpg,PURPLE HAIRSTREAK
Image_4121.jpg,ELBOWED PIERROT
Image_4122.jpg,WOOD SATYR
Image_4126.jpg,ADONIS
Image_4129.jpg,MANGROVE SKIPPER
Image_4131.jpg,BANDED ORANGE HELICONIAN
Image_4133.jpg,AMERICAN SNOOT
Image_4134.jpg,APPOLLO
Image_4135.jpg,ORANGE TIP
Image_4136.jpg,EASTERN COMA
Image_4139.jpg,AFRICAN GIANT SWALLOWTAIL
Image_4140.jpg,SOOTYWING
Image_4143.jpg,DANAID EGGFLY
Image_4148.jpg,BECKERS WHITE
Image_4150.jpg,CAIRNS BIRDWING
Image_4152.jpg,PAPER KITE
Image_4155.jpg,ZEBRA LONG WING
Image_4156.jpg,MONARCH
Image_4157.jpg,ELBOWED PIERROT
Image_4158.jpg,STRAITED QUEEN
Image_4159.jpg,RED ADMIRAL
Image_4160.jpg,COMMON WOOD-NYMPH
Image_4164.jpg,CLODIUS PARNASSIAN
Image_4165.jpg,COPPER TAIL
Image_4173.jpg,PIPEVINE SWALLOW
Image_4174.jpg,DANAID EGGFLY
Image_4176.jpg,LARGE MARBLE
Image_4177.jpg,RED CRACKER
Image_4179.jpg,WOOD SATYR
Image_4181.jpg,POPINJAY
Image_4182.jpg,PAPER KITE
Image_4186.jpg,SILVER SPOT SKIPPER
Image_4188.jpg,INDRA SWALLOW
Image_4192.jpg,ATALA
Image_4198.jpg,ATALA
Image_4199.jpg,LARGE MARBLE
Image_4201.jpg,ORANGE TIP
Image_4204.jpg,BROWN SIPROETA
Image_4205.jpg,POPINJAY
Image_4208.jpg,RED POSTMAN
Image_4209.jpg,ADONIS
Image_4210.jpg,ATALA
Image_4212.jpg,MOURNING CLOAK
Image_4214.jpg,ELBOWED PIERROT
Image_4215.jpg,SLEEPY ORANGE
Image_4216.jpg,GREAT EGGFLY
Image_4217.jpg,BECKERS WHITE
Image_4219.jpg,TROPICAL LEAFWING
Image_4220.jpg,SOOTYWING
Image_4223.jpg,CAIRNS BIRDWING
Image_4224.jpg,GOLD BANDED
Image_4227.jpg,MONARCH
Image_4231.jpg,BROWN SIPROETA
Image_4232.jpg,RED POSTMAN
Image_4234.jpg,CRECENT
Image_4235.jpg,BROWN SIPROETA
Image_4237.jpg,QUESTION MARK
Image_4239.jpg,RED POSTMAN
Image_4240.jpg,ORANGE TIP
Image_4244.jpg,POPINJAY
Image_4245.jpg,MESTRA
Image_4249.jpg,BROWN SIPROETA
Image_4251.jpg,CABBAGE WHITE
Image_4253.jpg,MOURNING CLOAK
Image_4256.jpg,ELBOWED PIERROT
Image_4258.jpg,MANGROVE SKIPPER
Image_4259.jpg,BLUE SPOTTED CROW
Image_4260.jpg,POPINJAY
Image_4261.jpg,IPHICLUS SISTER
Image_4262.jpg,EASTERN PINE ELFIN
Image_4264.jpg,CHESTNUT
Image_4265.jpg,SILVER SPOT SKIPPER
Image_4266.jpg,PINE WHITE
Image_4267.jpg,MILBERTS TORTOISESHELL
Image_4268.jpg,CLODIUS PARNASSIAN
Image_4269.jpg,EASTERN DAPPLE WHITE
Image_4270.jpg,CRIMSON PATCH
Image_4271.jpg,SOUTHERN DOGFACE
Image_4272.jpg,GREAT JAY
Image_4276.jpg,ORANGE TIP
Image_4282.jpg,RED CRACKER
Image_4283.jpg,RED CRACKER
Image_4285.jpg,CABBAGE WHITE
Image_4287.jpg,PAINTED LADY
Image_4292.jpg,CRIMSON PATCH
Image_4295.jpg,CABBAGE WHITE
Image_4296.jpg,ORANGE OAKLEAF
Image_4298.jpg,PURPLISH COPPER
Image_4299.jpg,SCARCE SWALLOW
Image_4300.jpg,JULIA
Image_4301.jpg,WOOD SATYR
Image_4302.jpg,IPHICLUS SISTER
Image_4304.jpg,ULYSES
Image_4305.jpg,STRAITED QUEEN
Image_4307.jpg,ULYSES
Image_4310.jpg,RED POSTMAN
Image_4313.jpg,MESTRA
Image_4314.jpg,PURPLISH COPPER
Image_4317.jpg,CHESTNUT
Image_4318.jpg,TROPICAL LEAFWING
Image_4319.jpg,SOOTYWING
Image_4320.jpg,RED SPOTTED PURPLE
Image_4321.jpg,WOOD SATYR
Image_4322.jpg,CLODIUS PARNASSIAN
Image_4323.jpg,CAIRNS BIRDWING
Image_4328.jpg,METALMARK
Image_4330.jpg,ELBOWED PIERROT
Image_4331.jpg,BROWN SIPROETA
Image_4336.jpg,PAPER KITE
Image_4337.jpg,CABBAGE WHITE
Image_4344.jpg,APPOLLO
Image_4345.jpg,GREY HAIRSTREAK
Image_4346.jpg,CLOUDED SULPHUR
Image_4347.jpg,BANDED PEACOCK
Image_4351.jpg,COPPER TAIL
Image_4353.jpg,CLOUDED SULPHUR
Image_4362.jpg,CLEOPATRA
Image_4364.jpg,ORANGE OAKLEAF
Image_4366.jpg,MANGROVE SKIPPER
Image_4370.jpg,MOURNING CLOAK
Image_4372.jpg,CLEOPATRA
Image_4373.jpg,RED POSTMAN
Image_4377.jpg,EASTERN DAPPLE WHITE
Image_4382.jpg,PURPLISH COPPER
Image_4386.jpg,CHECQUERED SKIPPER
Image_4387.jpg,WOOD SATYR
Image_4388.jpg,SCARCE SWALLOW
Image_4389.jpg,CAIRNS BIRDWING
Image_4391.jpg,PINE WHITE
Image_4393.jpg,GOLD BANDED
Image_4394.jpg,BLUE SPOTTED CROW
Image_4400.jpg,ELBOWED PIERROT
Image_4403.jpg,PURPLE HAIRSTREAK
Image_4404.jpg,ATALA
Image_4405.jpg,COMMON BANDED AWL
Image_4406.jpg,APPOLLO
Image_4408.jpg,APPOLLO
Image_4409.jpg,TROPICAL LEAFWING
Image_4410.jpg,COPPER TAIL
Image_4412.jpg,METALMARK
Image_4413.jpg,VICEROY
Image_4414.jpg,ORANGE TIP
Image_4418.jpg,VICEROY
Image_4419.jpg,DANAID EGGFLY
Image_4420.jpg,CRIMSON PATCH
Image_4423.jpg,GREAT JAY
Image_4425.jpg,MANGROVE SKIPPER
Image_4429.jpg,RED ADMIRAL
Image_4430.jpg,EASTERN DAPPLE WHITE
Image_4431.jpg,CLEOPATRA
Image_4433.jpg,JULIA
Image_4435.jpg,TROPICAL LEAFWING
Image_4438.jpg,COMMON WOOD-NYMPH
Image_4440.jpg,AN 88
Image_4442.jpg,TROPICAL LEAFWING
Image_4443.jpg,BLACK HAIRSTREAK
Image_4444.jpg,ADONIS
Image_4445.jpg,EASTERN PINE ELFIN
Image_4452.jpg,PURPLE HAIRSTREAK
Image_4453.jpg,MOURNING CLOAK
Image_4454.jpg,YELLOW SWALLOW TAIL
Image_4456.jpg,MONARCH
Image_4457.jpg,GOLD BANDED
Image_4459.jpg,EASTERN COMA
Image_4460.jpg,CRECENT
Image_4463.jpg,CHESTNUT
Image_4464.jpg,ZEBRA LONG WING
Image_4466.jpg,PEACOCK
Image_4467.jpg,SLEEPY ORANGE
Image_4468.jpg,CLOUDED SULPHUR
Image_4471.jpg,GREAT EGGFLY
Image_4472.jpg,QUESTION MARK
Image_4474.jpg,BLUE SPOTTED CROW
Image_4476.jpg,COMMON WOOD-NYMPH
Image_4477.jpg,COMMON WOOD-NYMPH
Image_4479.jpg,BANDED PEACOCK
Image_4483.jpg,MESTRA
Image_4484.jpg,SLEEPY ORANGE
Image_4485.jpg,RED POSTMAN
Image_4486.jpg,JULIA
Image_4487.jpg,COMMON WOOD-NYMPH
Image_4488.jpg,SILVER SPOT SKIPPER
Image_4490.jpg,GREAT JAY
Image_4491.jpg,MANGROVE SKIPPER
Image_4493.jpg,MESTRA
Image_4494.jpg,CLEOPATRA
Image_4495.jpg,CHECQUERED SKIPPER
Image_4496.jpg,PAPER KITE
Image_4498.jpg,APPOLLO
Image_4500.jpg,APPOLLO
Image_4502.jpg,BLUE MORPHO
Image_4503.jpg,MANGROVE SKIPPER
Image_4506.jpg,RED POSTMAN
Image_4507.jpg,CLODIUS PARNASSIAN
Image_4516.jpg,MANGROVE SKIPPER
Image_4517.jpg,CLOUDED SULPHUR
Image_4518.jpg,ATALA
Image_4519.jpg,DANAID EGGFLY
Image_4521.jpg,GREY HAIRSTREAK
Image_4523.jpg,YELLOW SWALLOW TAIL
Image_4527.jpg,TWO BARRED FLASHER
Image_4528.jpg,BANDED PEACOCK
Image_4531.jpg,ADONIS
Image_4532.jpg,PAPER KITE
Image_4533.jpg,CLODIUS PARNASSIAN
Image_4534.jpg,COMMON WOOD-NYMPH
Image_4537.jpg,GOLD BANDED
Image_4539.jpg,WOOD SATYR
Image_4540.jpg,ULYSES
Image_4541.jpg,YELLOW SWALLOW TAIL
Image_4542.jpg,INDRA SWALLOW
Image_4544.jpg,GREEN CELLED CATTLEHEART
Image_4545.jpg,INDRA SWALLOW
Image_4546.jpg,AFRICAN GIANT SWALLOWTAIL
Image_4548.jpg,AFRICAN GIANT SWALLOWTAIL
Image_4549.jpg,BLACK HAIRSTREAK
Image_4551.jpg,RED CRACKER
Image_4552.jpg,SILVER SPOT SKIPPER
Image_4555.jpg,CRECENT
Image_4558.jpg,VICEROY
Image_4559.jpg,EASTERN COMA
Image_4560.jpg,METALMARK
Image_4561.jpg,CHECQUERED SKIPPER
Image_4562.jpg,CABBAGE WHITE
Image_4563.jpg,ORANGE OAKLEAF
Image_4564.jpg,SILVER SPOT SKIPPER
Image_4566.jpg,TROPICAL LEAFWING
Image_4574.jpg,GREAT JAY
Image_4575.jpg,ORANGE OAKLEAF
Image_4576.jpg,GREY HAIRSTREAK
Image_4577.jpg,METALMARK
Image_4578.jpg,BLUE MORPHO
Image_4583.jpg,SLEEPY ORANGE
Image_4586.jpg,SILVER SPOT SKIPPER
Image_4587.jpg,RED CRACKER
Image_4588.jpg,SOUTHERN DOGFACE
Image_4591.jpg,LARGE MARBLE
Image_4592.jpg,SILVER SPOT SKIPPER
Image_4593.jpg,MALACHITE
Image_4594.jpg,IPHICLUS SISTER
Image_4597.jpg,BANDED PEACOCK
Image_4598.jpg,RED ADMIRAL
Image_4599.jpg,COMMON BANDED AWL
Image_4601.jpg,MALACHITE
Image_4602.jpg,SILVER SPOT SKIPPER
Image_4603.jpg,PIPEVINE SWALLOW
Image_4607.jpg,GREEN CELLED CATTLEHEART
Image_4609.jpg,RED POSTMAN
Image_4614.jpg,MALACHITE
Image_4616.jpg,MOURNING CLOAK
Image_4620.jpg,QUESTION MARK
Image_4621.jpg,CRIMSON PATCH
Image_4622.jpg,BANDED PEACOCK
Image_4625.jpg,CHESTNUT
Image_4626.jpg,SLEEPY ORANGE
Image_4628.jpg,PAINTED LADY
Image_4631.jpg,RED POSTMAN
Image_4633.jpg,PURPLE HAIRSTREAK
Image_4635.jpg,SOUTHERN DOGFACE
Image_4636.jpg,YELLOW SWALLOW TAIL
Image_4637.jpg,CRIMSON PATCH
Image_4638.jpg,PIPEVINE SWALLOW
Image_4641.jpg,CHESTNUT
Image_4643.jpg,ADONIS
Image_4645.jpg,CLOUDED SULPHUR
Image_4646.jpg,COMMON WOOD-NYMPH
Image_4647.jpg,WOOD SATYR
Image_4649.jpg,BANDED ORANGE HELICONIAN
Image_4650.jpg,SOUTHERN DOGFACE
Image_4651.jpg,QUESTION MARK
Image_4654.jpg,APPOLLO
Image_4656.jpg,LARGE MARBLE
Image_4657.jpg,DANAID EGGFLY
Image_4660.jpg,ORANGE OAKLEAF
Image_4662.jpg,POPINJAY
Image_4667.jpg,PINE WHITE
Image_4668.jpg,BLUE SPOTTED CROW
Image_4669.jpg,DANAID EGGFLY
Image_4670.jpg,METALMARK
Image_4671.jpg,BECKERS WHITE
Image_4672.jpg,GREAT EGGFLY
Image_4675.jpg,MOURNING CLOAK
Image_4676.jpg,CHECQUERED SKIPPER
Image_4678.jpg,ELBOWED PIERROT
Image_4680.jpg,GREY HAIRSTREAK
Image_4681.jpg,TROPICAL LEAFWING
Image_4683.jpg,SCARCE SWALLOW
Image_4690.jpg,MOURNING CLOAK
Image_4691.jpg,BLUE SPOTTED CROW
Image_4695.jpg,AN 88
Image_4696.jpg,BANDED ORANGE HELICONIAN
Image_4699.jpg,MILBERTS TORTOISESHELL
Image_4705.jpg,RED CRACKER
Image_4708.jpg,BANDED ORANGE HELICONIAN
Image_4709.jpg,ORANGE OAKLEAF
Image_4710.jpg,PAINTED LADY
Image_4711.jpg,TWO BARRED FLASHER
Image_4712.jpg,PEACOCK
Image_4713.jpg,GREEN CELLED CATTLEHEART
Image_4714.jpg,PURPLISH COPPER
Image_4716.jpg,PURPLE HAIRSTREAK
Image_4717.jpg,PEACOCK
Image_4718.jpg,ORANGE TIP
Image_4719.jpg,TROPICAL LEAFWING
Image_4722.jpg,ORANGE TIP
Image_4724.jpg,APPOLLO
Image_4725.jpg,PIPEVINE SWALLOW
Image_4726.jpg,EASTERN DAPPLE WHITE
Image_4727.jpg,GREAT JAY
Image_4728.jpg,MONARCH
Image_4730.jpg,ORANGE OAKLEAF
Image_4732.jpg,SOUTHERN DOGFACE
Image_4734.jpg,EASTERN DAPPLE WHITE
Image_4735.jpg,AFRICAN GIANT SWALLOWTAIL
Image_4739.jpg,CABBAGE WHITE
Image_4745.jpg,ZEBRA LONG WING
Image_4746.jpg,GREEN CELLED CATTLEHEART
Image_4751.jpg,COMMON BANDED AWL
Image_4753.jpg,INDRA SWALLOW
Image_4755.jpg,BLACK HAIRSTREAK
Image_4758.jpg,GREEN CELLED CATTLEHEART
Image_4760.jpg,APPOLLO
Image_4762.jpg,MANGROVE SKIPPER
Image_4765.jpg,PURPLISH COPPER
Image_4766.jpg,EASTERN PINE ELFIN
Image_4767.jpg,CLOUDED SULPHUR
Image_4768.jpg,BLACK HAIRSTREAK
Image_4770.jpg,ORANGE OAKLEAF
Image_4773.jpg,ATALA
Image_4774.jpg,CHESTNUT
Image_4775.jpg,ULYSES
Image_4776.jpg,CHECQUERED SKIPPER
Image_4777.jpg,SCARCE SWALLOW
Image_4780.jpg,MOURNING CLOAK
Image_4784.jpg,GREY HAIRSTREAK
Image_4786.jpg,DANAID EGGFLY
Image_4787.jpg,BECKERS WHITE
Image_4789.jpg,APPOLLO
Image_4790.jpg,ADONIS
Image_4792.jpg,RED SPOTTED PURPLE
Image_4793.jpg,CLODIUS PARNASSIAN
Image_4794.jpg,SOUTHERN DOGFACE
Image_4796.jpg,YELLOW SWALLOW TAIL
Image_4798.jpg,CHESTNUT
Image_4800.jpg,CAIRNS BIRDWING
Image_4801.jpg,GREAT JAY
Image_4802.jpg,APPOLLO
Image_4804.jpg,MILBERTS TORTOISESHELL
Image_4805.jpg,RED CRACKER
Image_4807.jpg,SLEEPY ORANGE
Image_4808.jpg,APPOLLO
Image_4811.jpg,GREEN CELLED CATTLEHEART
Image_4812.jpg,GREEN CELLED CATTLEHEART
Image_4813.jpg,SLEEPY ORANGE
Image_4816.jpg,DANAID EGGFLY
Image_4817.jpg,EASTERN PINE ELFIN
Image_4820.jpg,TROPICAL LEAFWING
Image_4822.jpg,PURPLISH COPPER
Image_4823.jpg,TROPICAL LEAFWING
Image_4825.jpg,CAIRNS BIRDWING
Image_4826.jpg,BANDED PEACOCK
Image_4829.jpg,MONARCH
Image_4830.jpg,COMMON BANDED AWL
Image_4831.jpg,CLOUDED SULPHUR
Image_4832.jpg,MANGROVE SKIPPER
Image_4833.jpg,ELBOWED PIERROT
Image_4835.jpg,DANAID EGGFLY
Image_4836.jpg,ULYSES
Image_4838.jpg,GREY HAIRSTREAK
Image_4839.jpg,AMERICAN SNOOT
Image_4840.jpg,QUESTION MARK
Image_4846.jpg,BECKERS WHITE
Image_4848.jpg,INDRA SWALLOW
Image_4850.jpg,CAIRNS BIRDWING
Image_4852.jpg,SOUTHERN DOGFACE
Image_4853.jpg,EASTERN COMA
Image_4854.jpg,AN 88
Image_4855.jpg,QUESTION MARK
Image_4856.jpg,GREY HAIRSTREAK
Image_4857.jpg,ADONIS
Image_4858.jpg,GREEN CELLED CATTLEHEART
Image_4859.jpg,GOLD BANDED
Image_4861.jpg,PURPLE HAIRSTREAK
Image_4866.jpg,BLUE SPOTTED CROW
Image_4869.jpg,BECKERS WHITE
Image_4871.jpg,EASTERN COMA
Image_4872.jpg,AN 88
Image_4873.jpg,BLUE SPOTTED CROW
Image_4875.jpg,SOOTYWING
Image_4877.jpg,MANGROVE SKIPPER
Image_4878.jpg,ATALA
Image_4879.jpg,ORCHARD SWALLOW
Image_4881.jpg,ULYSES
Image_4882.jpg,RED ADMIRAL
Image_4884.jpg,BANDED ORANGE HELICONIAN
Image_4888.jpg,RED CRACKER
Image_4890.jpg,COMMON BANDED AWL
Image_4891.jpg,CLOUDED SULPHUR
Image_4894.jpg,BROWN SIPROETA
Image_4897.jpg,MOURNING CLOAK
Image_4898.jpg,SLEEPY ORANGE
Image_4899.jpg,ATALA
Image_4904.jpg,IPHICLUS SISTER
Image_4908.jpg,BLUE MORPHO
Image_4911.jpg,INDRA SWALLOW
Image_4914.jpg,MOURNING CLOAK
Image_4915.jpg,SOUTHERN DOGFACE
Image_4916.jpg,EASTERN COMA
Image_4918.jpg,INDRA SWALLOW
Image_4919.jpg,BLACK HAIRSTREAK
Image_4921.jpg,PIPEVINE SWALLOW
Image_4923.jpg,AFRICAN GIANT SWALLOWTAIL
Image_4924.jpg,ORANGE OAKLEAF
Image_4926.jpg,WOOD SATYR
Image_4928.jpg,ZEBRA LONG WING
Image_4929.jpg,PURPLISH COPPER
Image_4930.jpg,TWO BARRED FLASHER
Image_4932.jpg,ADONIS
Image_4934.jpg,CAIRNS BIRDWING
Image_4935.jpg,WOOD SATYR
Image_4937.jpg,PAINTED LADY
Image_4943.jpg,ORCHARD SWALLOW
Image_4944.jpg,PIPEVINE SWALLOW
Image_4947.jpg,COMMON WOOD-NYMPH
Image_4948.jpg,EASTERN DAPPLE WHITE
Image_4950.jpg,ORANGE TIP
Image_4952.jpg,MANGROVE SKIPPER
Image_4953.jpg,MESTRA
Image_4954.jpg,TWO BARRED FLASHER
Image_4955.jpg,ULYSES
Image_4958.jpg,COPPER TAIL
Image_4960.jpg,COMMON WOOD-NYMPH
Image_4961.jpg,SLEEPY ORANGE
Image_4963.jpg,GREAT JAY
Image_4964.jpg,BECKERS WHITE
Image_4966.jpg,POPINJAY
Image_4967.jpg,GREY HAIRSTREAK
Image_4968.jpg,MONARCH
Image_4970.jpg,SOOTYWING
Image_4971.jpg,ATALA
Image_4973.jpg,ATALA
Image_4974.jpg,METALMARK
Image_4980.jpg,PINE WHITE
Image_4982.jpg,ORANGE TIP
Image_4985.jpg,PINE WHITE
Image_4987.jpg,PURPLE HAIRSTREAK
Image_4989.jpg,GREAT JAY
Image_4992.jpg,BLUE MORPHO
Image_4995.jpg,SCARCE SWALLOW
Image_4998.jpg,GREY HAIRSTREAK
Image_4999.jpg,MONARCH
Image_5001.jpg,SCARCE SWALLOW
Image_5002.jpg,STRAITED QUEEN
Image_5003.jpg,ZEBRA LONG WING
Image_5005.jpg,RED SPOTTED PURPLE
Image_5006.jpg,GREAT JAY
Image_5007.jpg,IPHICLUS SISTER
Image_5008.jpg,CAIRNS BIRDWING
Image_5009.jpg,STRAITED QUEEN
Image_5012.jpg,PURPLISH COPPER
Image_5014.jpg,PAPER KITE
Image_5015.jpg,AN 88
Image_5016.jpg,RED POSTMAN
Image_5017.jpg,EASTERN COMA
Image_5018.jpg,ZEBRA LONG WING
Image_5023.jpg,POPINJAY
Image_5028.jpg,MALACHITE
Image_5029.jpg,LARGE MARBLE
Image_5030.jpg,AN 88
Image_5031.jpg,APPOLLO
Image_5032.jpg,RED ADMIRAL
Image_5039.jpg,COPPER TAIL
Image_5040.jpg,BLUE SPOTTED CROW
Image_5044.jpg,AN 88
Image_5046.jpg,DANAID EGGFLY
Image_5047.jpg,MESTRA
Image_5048.jpg,APPOLLO
Image_5050.jpg,COMMON WOOD-NYMPH
Image_5051.jpg,METALMARK
Image_5052.jpg,GOLD BANDED
Image_5054.jpg,ATALA
Image_5056.jpg,BECKERS WHITE
Image_5058.jpg,DANAID EGGFLY
Image_5059.jpg,SILVER SPOT SKIPPER
Image_5061.jpg,BANDED PEACOCK
Image_5066.jpg,PEACOCK
Image_5068.jpg,EASTERN DAPPLE WHITE
Image_5069.jpg,MANGROVE SKIPPER
Image_5073.jpg,GREAT JAY
Image_5074.jpg,SLEEPY ORANGE
Image_5075.jpg,STRAITED QUEEN
Image_5076.jpg,SOOTYWING
Image_5079.jpg,EASTERN PINE ELFIN
Image_5084.jpg,BLUE MORPHO
Image_5086.jpg,CHESTNUT
Image_5088.jpg,ATALA
Image_5089.jpg,GREEN CELLED CATTLEHEART
Image_5090.jpg,POPINJAY
Image_5091.jpg,SOOTYWING
Image_5092.jpg,MONARCH
Image_5093.jpg,CAIRNS BIRDWING
Image_5095.jpg,MANGROVE SKIPPER
Image_5097.jpg,SILVER SPOT SKIPPER
Image_5100.jpg,ULYSES
Image_5102.jpg,ADONIS
Image_5103.jpg,DANAID EGGFLY
Image_5104.jpg,VICEROY
Image_5108.jpg,PIPEVINE SWALLOW
Image_5111.jpg,MALACHITE
Image_5112.jpg,EASTERN DAPPLE WHITE
Image_5113.jpg,BANDED PEACOCK
Image_5116.jpg,BLACK HAIRSTREAK
Image_5119.jpg,ATALA
Image_5120.jpg,EASTERN DAPPLE WHITE
Image_5121.jpg,PAPER KITE
Image_5122.jpg,ZEBRA LONG WING
Image_5123.jpg,GREAT EGGFLY
Image_5124.jpg,BANDED PEACOCK
Image_5125.jpg,BROWN SIPROETA
Image_5128.jpg,BLUE SPOTTED CROW
Image_5129.jpg,GOLD BANDED
Image_5130.jpg,AN 88
Image_5132.jpg,ELBOWED PIERROT
Image_5133.jpg,EASTERN PINE ELFIN
Image_5134.jpg,CLOUDED SULPHUR
Image_5135.jpg,YELLOW SWALLOW TAIL
Image_5136.jpg,BLUE MORPHO
Image_5141.jpg,CHECQUERED SKIPPER
Image_5145.jpg,PINE WHITE
Image_5148.jpg,CAIRNS BIRDWING
Image_5150.jpg,COPPER TAIL
Image_5154.jpg,RED ADMIRAL
Image_5155.jpg,RED SPOTTED PURPLE
Image_5156.jpg,ZEBRA LONG WING
Image_5158.jpg,MANGROVE SKIPPER
Image_5160.jpg,ORCHARD SWALLOW
Image_5161.jpg,CRIMSON PATCH
Image_5163.jpg,PURPLE HAIRSTREAK
Image_5164.jpg,CLEOPATRA
Image_5166.jpg,SOOTYWING
Image_5169.jpg,SLEEPY ORANGE
Image_5170.jpg,VICEROY
Image_5171.jpg,CRECENT
Image_5172.jpg,GREAT JAY
Image_5175.jpg,BANDED ORANGE HELICONIAN
Image_5179.jpg,EASTERN PINE ELFIN
Image_5180.jpg,ORCHARD SWALLOW
Image_5181.jpg,COPPER TAIL
Image_5186.jpg,PAINTED LADY
Image_5189.jpg,ATALA
Image_5193.jpg,SOOTYWING
Image_5194.jpg,BANDED ORANGE HELICONIAN
Image_5199.jpg,WOOD SATYR
Image_5200.jpg,CLOUDED SULPHUR
Image_5201.jpg,GOLD BANDED
Image_5202.jpg,APPOLLO
Image_5204.jpg,SLEEPY ORANGE
Image_5206.jpg,IPHICLUS SISTER
Image_5208.jpg,BLUE MORPHO
Image_5209.jpg,ULYSES
Image_5211.jpg,CHECQUERED SKIPPER
Image_5214.jpg,BLUE MORPHO
Image_5215.jpg,GREY HAIRSTREAK
Image_5217.jpg,STRAITED QUEEN
Image_5218.jpg,BANDED PEACOCK
Image_5220.jpg,BROWN SIPROETA
Image_5221.jpg,EASTERN PINE ELFIN
Image_5223.jpg,ORANGE OAKLEAF
Image_5224.jpg,CHECQUERED SKIPPER
Image_5225.jpg,BECKERS WHITE
Image_5228.jpg,BROWN SIPROETA
Image_5234.jpg,JULIA
Image_5238.jpg,YELLOW SWALLOW TAIL
Image_5247.jpg,EASTERN PINE ELFIN
Image_5248.jpg,BLACK HAIRSTREAK
Image_5250.jpg,TWO BARRED FLASHER
Image_5253.jpg,CLOUDED SULPHUR
Image_5257.jpg,EASTERN PINE ELFIN
Image_5258.jpg,BROWN SIPROETA
Image_5260.jpg,RED POSTMAN
Image_5261.jpg,TWO BARRED FLASHER
Image_5263.jpg,IPHICLUS SISTER
Image_5264.jpg,BANDED PEACOCK
Image_5265.jpg,GREAT EGGFLY
Image_5266.jpg,WOOD SATYR
Image_5267.jpg,AMERICAN SNOOT
Image_5269.jpg,EASTERN DAPPLE WHITE
Image_5270.jpg,CHECQUERED SKIPPER
Image_5272.jpg,AFRICAN GIANT SWALLOWTAIL
Image_5274.jpg,EASTERN DAPPLE WHITE
Image_5280.jpg,PAINTED LADY
Image_5281.jpg,LARGE MARBLE
Image_5282.jpg,EASTERN DAPPLE WHITE
Image_5284.jpg,ORCHARD SWALLOW
Image_5285.jpg,CLEOPATRA
Image_5286.jpg,MILBERTS TORTOISESHELL
Image_5289.jpg,DANAID EGGFLY
Image_5290.jpg,SILVER SPOT SKIPPER
Image_5291.jpg,WOOD SATYR
Image_5292.jpg,QUESTION MARK
Image_5293.jpg,JULIA
Image_5295.jpg,MILBERTS TORTOISESHELL
Image_5297.jpg,TROPICAL LEAFWING
Image_5300.jpg,LARGE MARBLE
Image_5301.jpg,LARGE MARBLE
Image_5302.jpg,MILBERTS TORTOISESHELL
Image_5303.jpg,COMMON WOOD-NYMPH
Image_5304.jpg,RED ADMIRAL
Image_5306.jpg,BROWN SIPROETA
Image_5309.jpg,ULYSES
Image_5311.jpg,SLEEPY ORANGE
Image_5312.jpg,RED CRACKER
Image_5314.jpg,GREAT JAY
Image_5317.jpg,ULYSES
Image_5320.jpg,POPINJAY
Image_5322.jpg,GREAT EGGFLY
Image_5323.jpg,BLUE SPOTTED CROW
Image_5324.jpg,PURPLE HAIRSTREAK
Image_5326.jpg,ULYSES
Image_5327.jpg,GREAT JAY
Image_5331.jpg,SCARCE SWALLOW
Image_5332.jpg,MONARCH
Image_5335.jpg,SILVER SPOT SKIPPER
Image_5336.jpg,RED SPOTTED PURPLE
Image_5337.jpg,SOOTYWING
Image_5339.jpg,CLEOPATRA
Image_5340.jpg,BLUE SPOTTED CROW
Image_5341.jpg,VICEROY
Image_5343.jpg,POPINJAY
Image_5344.jpg,BECKERS WHITE
Image_5345.jpg,PINE WHITE
Image_5347.jpg,SLEEPY ORANGE
Image_5351.jpg,IPHICLUS SISTER
Image_5352.jpg,COPPER TAIL
Image_5353.jpg,CRIMSON PATCH
Image_5354.jpg,BANDED ORANGE HELICONIAN
Image_5355.jpg,PAINTED LADY
Image_5356.jpg,EASTERN COMA
Image_5358.jpg,QUESTION MARK
Image_5364.jpg,GREAT JAY
Image_5365.jpg,DANAID EGGFLY
Image_5369.jpg,VICEROY
Image_5371.jpg,SCARCE SWALLOW
Image_5372.jpg,SOUTHERN DOGFACE
Image_5374.jpg,INDRA SWALLOW
Image_5377.jpg,PAINTED LADY
Image_5380.jpg,POPINJAY
Image_5382.jpg,MOURNING CLOAK
Image_5384.jpg,CHECQUERED SKIPPER
Image_5385.jpg,MALACHITE
Image_5386.jpg,PEACOCK
Image_5387.jpg,TROPICAL LEAFWING
Image_5388.jpg,MOURNING CLOAK
Image_5390.jpg,BLUE SPOTTED CROW
Image_5391.jpg,SILVER SPOT SKIPPER
Image_5396.jpg,GREY HAIRSTREAK
Image_5398.jpg,RED SPOTTED PURPLE
Image_5400.jpg,JULIA
Image_5401.jpg,ULYSES
Image_5402.jpg,ORANGE OAKLEAF
Image_5404.jpg,AMERICAN SNOOT
Image_5406.jpg,PURPLISH COPPER
Image_5408.jpg,MONARCH
Image_5412.jpg,MANGROVE SKIPPER
Image_5414.jpg,DANAID EGGFLY
Image_5415.jpg,CLOUDED SULPHUR
Image_5419.jpg,ORANGE OAKLEAF
Image_5422.jpg,QUESTION MARK
Image_5423.jpg,BECKERS WHITE
Image_5424.jpg,MILBERTS TORTOISESHELL
Image_5425.jpg,YELLOW SWALLOW TAIL
Image_5426.jpg,PURPLE HAIRSTREAK
Image_5429.jpg,SOOTYWING
Image_5430.jpg,ORCHARD SWALLOW
Image_5433.jpg,PAPER KITE
Image_5434.jpg,ULYSES
Image_5435.jpg,IPHICLUS SISTER
Image_5438.jpg,CLOUDED SULPHUR
Image_5439.jpg,SOUTHERN DOGFACE
Image_5442.jpg,COMMON BANDED AWL
Image_5443.jpg,EASTERN DAPPLE WHITE
Image_5445.jpg,ORANGE TIP
Image_5446.jpg,MILBERTS TORTOISESHELL
Image_5452.jpg,MILBERTS TORTOISESHELL
Image_5453.jpg,POPINJAY
Image_5454.jpg,RED SPOTTED PURPLE
Image_5456.jpg,GREY HAIRSTREAK
Image_5457.jpg,CLOUDED SULPHUR
Image_5458.jpg,BLACK HAIRSTREAK
Image_5459.jpg,COMMON BANDED AWL
Image_5463.jpg,YELLOW SWALLOW TAIL
Image_5464.jpg,SCARCE SWALLOW
Image_5468.jpg,RED POSTMAN
Image_5470.jpg,IPHICLUS SISTER
Image_5471.jpg,WOOD SATYR
Image_5472.jpg,RED ADMIRAL
Image_5477.jpg,MESTRA
Image_5481.jpg,GOLD BANDED
Image_5483.jpg,MESTRA
Image_5486.jpg,GOLD BANDED
Image_5489.jpg,PAPER KITE
Image_5490.jpg,DANAID EGGFLY
Image_5492.jpg,EASTERN COMA
Image_5493.jpg,ULYSES
Image_5495.jpg,MANGROVE SKIPPER
Image_5496.jpg,AN 88
Image_5497.jpg,SOUTHERN DOGFACE
Image_5498.jpg,MOURNING CLOAK
Image_5499.jpg,COPPER TAIL
Image_5500.jpg,BECKERS WHITE
Image_5501.jpg,ATALA
Image_5502.jpg,MILBERTS TORTOISESHELL
Image_5504.jpg,AFRICAN GIANT SWALLOWTAIL
Image_5505.jpg,TROPICAL LEAFWING
Image_5509.jpg,CLEOPATRA
Image_5512.jpg,CAIRNS BIRDWING
Image_5513.jpg,BANDED PEACOCK
Image_5514.jpg,MOURNING CLOAK
Image_5516.jpg,CAIRNS BIRDWING
Image_5517.jpg,CHECQUERED SKIPPER
Image_5518.jpg,PAINTED LADY
Image_5519.jpg,PEACOCK
Image_5522.jpg,ELBOWED PIERROT
Image_5523.jpg,EASTERN PINE ELFIN
Image_5527.jpg,SLEEPY ORANGE
Image_5528.jpg,CHECQUERED SKIPPER
Image_5529.jpg,INDRA SWALLOW
Image_5530.jpg,SCARCE SWALLOW
Image_5531.jpg,AFRICAN GIANT SWALLOWTAIL
Image_5535.jpg,TROPICAL LEAFWING
Image_5536.jpg,ATALA
Image_5537.jpg,PINE WHITE
Image_5538.jpg,CABBAGE WHITE
Image_5539.jpg,BANDED PEACOCK
Image_5540.jpg,BROWN SIPROETA
Image_5547.jpg,PINE WHITE
Image_5548.jpg,COPPER TAIL
Image_5550.jpg,EASTERN PINE ELFIN
Image_5552.jpg,TWO BARRED FLASHER
Image_5553.jpg,BLACK HAIRSTREAK
Image_5554.jpg,CHECQUERED SKIPPER
Image_5555.jpg,CABBAGE WHITE
Image_5557.jpg,RED POSTMAN
Image_5559.jpg,CLEOPATRA
Image_5560.jpg,CRECENT
Image_5561.jpg,MILBERTS TORTOISESHELL
Image_5563.jpg,SOUTHERN DOGFACE
Image_5565.jpg,SCARCE SWALLOW
Image_5566.jpg,MESTRA
Image_5567.jpg,APPOLLO
Image_5570.jpg,BLACK HAIRSTREAK
Image_5573.jpg,GREEN CELLED CATTLEHEART
Image_5574.jpg,CLEOPATRA
Image_5575.jpg,GREAT JAY
Image_5576.jpg,COMMON WOOD-NYMPH
Image_5577.jpg,CHESTNUT
Image_5579.jpg,PAINTED LADY
Image_5581.jpg,EASTERN COMA
Image_5582.jpg,RED ADMIRAL
Image_5584.jpg,ZEBRA LONG WING
Image_5585.jpg,JULIA
Image_5586.jpg,PEACOCK
Image_5588.jpg,MALACHITE
Image_5589.jpg,BROWN SIPROETA
Image_5591.jpg,SOUTHERN DOGFACE
Image_5593.jpg,CAIRNS BIRDWING
Image_5595.jpg,POPINJAY
Image_5597.jpg,EASTERN PINE ELFIN
Image_5600.jpg,CRIMSON PATCH
Image_5602.jpg,CRIMSON PATCH
Image_5605.jpg,CRECENT
Image_5606.jpg,COMMON BANDED AWL
Image_5609.jpg,RED SPOTTED PURPLE
Image_5611.jpg,ZEBRA LONG WING
Image_5612.jpg,BECKERS WHITE
Image_5614.jpg,CLOUDED SULPHUR
Image_5615.jpg,SLEEPY ORANGE
Image_5616.jpg,SCARCE SWALLOW
Image_5617.jpg,MONARCH
Image_5618.jpg,SILVER SPOT SKIPPER
Image_5619.jpg,BLUE SPOTTED CROW
Image_5622.jpg,DANAID EGGFLY
Image_5624.jpg,COPPER TAIL
Image_5625.jpg,AMERICAN SNOOT
Image_5627.jpg,PEACOCK
Image_5628.jpg,CHESTNUT
Image_5629.jpg,COPPER TAIL
Image_5630.jpg,PIPEVINE SWALLOW
Image_5631.jpg,CHESTNUT
Image_5633.jpg,RED POSTMAN
Image_5635.jpg,METALMARK
Image_5637.jpg,COMMON BANDED AWL
Image_5638.jpg,RED CRACKER
Image_5639.jpg,ULYSES
Image_5640.jpg,COPPER TAIL
Image_5643.jpg,QUESTION MARK
Image_5650.jpg,AMERICAN SNOOT
Image_5652.jpg,CRECENT
Image_5655.jpg,AFRICAN GIANT SWALLOWTAIL
Image_5656.jpg,CRIMSON PATCH
Image_5658.jpg,PURPLE HAIRSTREAK
Image_5661.jpg,BLACK HAIRSTREAK
Image_5662.jpg,APPOLLO
Image_5664.jpg,VICEROY
Image_5666.jpg,BANDED PEACOCK
Image_5667.jpg,MALACHITE
Image_5669.jpg,YELLOW SWALLOW TAIL
Image_5670.jpg,CLEOPATRA
Image_5675.jpg,COMMON WOOD-NYMPH
Image_5677.jpg,GREEN CELLED CATTLEHEART
Image_5678.jpg,BANDED ORANGE HELICONIAN
Image_5680.jpg,ORCHARD SWALLOW
Image_5682.jpg,AN 88
Image_5684.jpg,MANGROVE SKIPPER
Image_5685.jpg,IPHICLUS SISTER
Image_5687.jpg,RED CRACKER
Image_5688.jpg,ULYSES
Image_5690.jpg,CLEOPATRA
Image_5692.jpg,AN 88
Image_5693.jpg,PURPLISH COPPER
Image_5695.jpg,EASTERN PINE ELFIN
Image_5699.jpg,CLEOPATRA
Image_5701.jpg,PIPEVINE SWALLOW
Image_5703.jpg,INDRA SWALLOW
Image_5704.jpg,GOLD BANDED
Image_5705.jpg,SCARCE SWALLOW
Image_5707.jpg,SLEEPY ORANGE
Image_5709.jpg,BLUE MORPHO
Image_5712.jpg,COMMON WOOD-NYMPH
Image_5713.jpg,TWO BARRED FLASHER
Image_5714.jpg,BLUE SPOTTED CROW
Image_5715.jpg,ELBOWED PIERROT
Image_5716.jpg,BECKERS WHITE
Image_5717.jpg,PAPER KITE
Image_5720.jpg,ORANGE TIP
Image_5721.jpg,SOOTYWING
Image_5724.jpg,CRECENT
Image_5726.jpg,CAIRNS BIRDWING
Image_5727.jpg,CHECQUERED SKIPPER
Image_5731.jpg,GREAT JAY
Image_5733.jpg,IPHICLUS SISTER
Image_5735.jpg,EASTERN DAPPLE WHITE
Image_5736.jpg,AFRICAN GIANT SWALLOWTAIL
Image_5740.jpg,GREY HAIRSTREAK
Image_5741.jpg,CLOUDED SULPHUR
Image_5742.jpg,JULIA
Image_5743.jpg,PAPER KITE
Image_5744.jpg,SOUTHERN DOGFACE
Image_5749.jpg,PURPLISH COPPER
Image_5754.jpg,STRAITED QUEEN
Image_5755.jpg,GOLD BANDED
Image_5757.jpg,SOOTYWING
Image_5759.jpg,GOLD BANDED
Image_5763.jpg,QUESTION MARK
Image_5764.jpg,MOURNING CLOAK
Image_5765.jpg,AN 88
Image_5766.jpg,SOUTHERN DOGFACE
Image_5767.jpg,METALMARK
Image_5768.jpg,SCARCE SWALLOW
Image_5771.jpg,STRAITED QUEEN
Image_5773.jpg,COMMON BANDED AWL
Image_5775.jpg,GREEN CELLED CATTLEHEART
Image_5777.jpg,SILVER SPOT SKIPPER
Image_5779.jpg,SCARCE SWALLOW
Image_5781.jpg,CAIRNS BIRDWING
Image_5786.jpg,CRIMSON PATCH
Image_5788.jpg,GREY HAIRSTREAK
Image_5791.jpg,YELLOW SWALLOW TAIL
Image_5796.jpg,PAPER KITE
Image_5797.jpg,CABBAGE WHITE
Image_5802.jpg,RED CRACKER
Image_5803.jpg,PIPEVINE SWALLOW
Image_5811.jpg,PAINTED LADY
Image_5816.jpg,CLEOPATRA
Image_5818.jpg,BANDED ORANGE HELICONIAN
Image_5822.jpg,MESTRA
Image_5826.jpg,CABBAGE WHITE
Image_5828.jpg,BANDED ORANGE HELICONIAN
Image_5830.jpg,WOOD SATYR
Image_5831.jpg,BANDED PEACOCK
Image_5832.jpg,RED CRACKER
Image_5834.jpg,SLEEPY ORANGE
Image_5835.jpg,PURPLISH COPPER
Image_5837.jpg,STRAITED QUEEN
Image_5838.jpg,GREAT JAY
Image_5840.jpg,PINE WHITE
Image_5842.jpg,TROPICAL LEAFWING
Image_5845.jpg,CAIRNS BIRDWING
Image_5850.jpg,ORANGE TIP
Image_5851.jpg,DANAID EGGFLY
Image_5854.jpg,POPINJAY
Image_5858.jpg,GREEN CELLED CATTLEHEART
Image_5859.jpg,BLUE SPOTTED CROW
Image_5860.jpg,CLEOPATRA
Image_5862.jpg,BLACK HAIRSTREAK
Image_5864.jpg,TWO BARRED FLASHER
Image_5869.jpg,CHESTNUT
Image_5873.jpg,PAPER KITE
Image_5880.jpg,ULYSES
Image_5881.jpg,AN 88
Image_5885.jpg,COPPER TAIL
Image_5888.jpg,PAPER KITE
Image_5889.jpg,SCARCE SWALLOW
Image_5890.jpg,CAIRNS BIRDWING
Image_5893.jpg,ORCHARD SWALLOW
Image_5896.jpg,COMMON WOOD-NYMPH
Image_5897.jpg,DANAID EGGFLY
Image_5898.jpg,EASTERN COMA
Image_5900.jpg,PAINTED LADY
Image_5902.jpg,ATALA
Image_5904.jpg,ORCHARD SWALLOW
Image_5909.jpg,VICEROY
Image_5910.jpg,MILBERTS TORTOISESHELL
Image_5911.jpg,ATALA
Image_5914.jpg,PURPLISH COPPER
Image_5916.jpg,MESTRA
Image_5918.jpg,RED CRACKER
Image_5919.jpg,BECKERS WHITE
Image_5922.jpg,PAPER KITE
Image_5923.jpg,MOURNING CLOAK
Image_5927.jpg,LARGE MARBLE
Image_5929.jpg,BLUE SPOTTED CROW
Image_5931.jpg,GOLD BANDED
Image_5934.jpg,BLUE MORPHO
Image_5935.jpg,PEACOCK
Image_5939.jpg,QUESTION MARK
Image_5940.jpg,RED POSTMAN
Image_5941.jpg,BLACK HAIRSTREAK
Image_5943.jpg,SLEEPY ORANGE
Image_5945.jpg,MILBERTS TORTOISESHELL
Image_5946.jpg,JULIA
Image_5948.jpg,RED CRACKER
Image_5952.jpg,ULYSES
Image_5953.jpg,BROWN SIPROETA
Image_5956.jpg,INDRA SWALLOW
Image_5959.jpg,ORANGE TIP
Image_5960.jpg,GOLD BANDED
Image_5962.jpg,SILVER SPOT SKIPPER
Image_5964.jpg,BROWN SIPROETA
Image_5965.jpg,CHECQUERED SKIPPER
Image_5966.jpg,STRAITED QUEEN
Image_5968.jpg,CRIMSON PATCH
Image_5972.jpg,MILBERTS TORTOISESHELL
Image_5973.jpg,PEACOCK
Image_5974.jpg,CAIRNS BIRDWING
Image_5975.jpg,TROPICAL LEAFWING
Image_5976.jpg,ULYSES
Image_5979.jpg,CLOUDED SULPHUR
Image_5983.jpg,JULIA
Image_5987.jpg,LARGE MARBLE
Image_5991.jpg,CRIMSON PATCH
Image_5992.jpg,SLEEPY ORANGE
Image_5993.jpg,AFRICAN GIANT SWALLOWTAIL
Image_5994.jpg,CRIMSON PATCH
Image_5996.jpg,CHECQUERED SKIPPER
Image_5998.jpg,DANAID EGGFLY
Image_5999.jpg,EASTERN PINE ELFIN
Image_6000.jpg,INDRA SWALLOW
Image_6002.jpg,GOLD BANDED
Image_6003.jpg,BLUE MORPHO
Image_6006.jpg,CAIRNS BIRDWING
Image_6007.jpg,GREY HAIRSTREAK
Image_6012.jpg,ADONIS
Image_6014.jpg,MOURNING CLOAK
Image_6015.jpg,BLACK HAIRSTREAK
Image_6016.jpg,INDRA SWALLOW
Image_6017.jpg,PAINTED LADY
Image_6019.jpg,COPPER TAIL
Image_6021.jpg,CRIMSON PATCH
Image_6022.jpg,APPOLLO
Image_6024.jpg,MESTRA
Image_6026.jpg,BANDED ORANGE HELICONIAN
Image_6027.jpg,METALMARK
Image_6028.jpg,ULYSES
Image_6030.jpg,BLUE SPOTTED CROW
Image_6035.jpg,TROPICAL LEAFWING
Image_6040.jpg,MONARCH
Image_6042.jpg,BANDED ORANGE HELICONIAN
Image_6044.jpg,ELBOWED PIERROT
Image_6045.jpg,QUESTION MARK
Image_6051.jpg,MOURNING CLOAK
Image_6052.jpg,CLODIUS PARNASSIAN
Image_6054.jpg,BANDED ORANGE HELICONIAN
Image_6055.jpg,JULIA
Image_6059.jpg,RED CRACKER
Image_6061.jpg,BLUE SPOTTED CROW
Image_6064.jpg,PURPLE HAIRSTREAK
Image_6067.jpg,GREAT JAY
Image_6069.jpg,IPHICLUS SISTER
Image_6070.jpg,ELBOWED PIERROT
Image_6071.jpg,GREEN CELLED CATTLEHEART
Image_6072.jpg,TWO BARRED FLASHER
Image_6074.jpg,CHECQUERED SKIPPER
Image_6075.jpg,SOOTYWING
Image_6077.jpg,GREY HAIRSTREAK
Image_6079.jpg,CLEOPATRA
Image_6081.jpg,SILVER SPOT SKIPPER
Image_6085.jpg,GREAT EGGFLY
Image_6086.jpg,CLOUDED SULPHUR
Image_6091.jpg,GREAT JAY
Image_6092.jpg,EASTERN PINE ELFIN
Image_6096.jpg,ZEBRA LONG WING
Image_6097.jpg,WOOD SATYR
Image_6100.jpg,IPHICLUS SISTER
Image_6101.jpg,APPOLLO
Image_6106.jpg,GREAT JAY
Image_6110.jpg,AFRICAN GIANT SWALLOWTAIL
Image_6112.jpg,SOUTHERN DOGFACE
Image_6114.jpg,ORANGE OAKLEAF
Image_6117.jpg,METALMARK
Image_6118.jpg,SOOTYWING
Image_6119.jpg,ORANGE TIP
Image_6120.jpg,GOLD BANDED
Image_6123.jpg,CHECQUERED SKIPPER
Image_6124.jpg,AN 88
Image_6125.jpg,BANDED ORANGE HELICONIAN
Image_6126.jpg,ELBOWED PIERROT
Image_6132.jpg,METALMARK
Image_6133.jpg,MILBERTS TORTOISESHELL
Image_6134.jpg,BLUE MORPHO
Image_6135.jpg,BLUE MORPHO
Image_6137.jpg,TWO BARRED FLASHER
Image_6139.jpg,BROWN SIPROETA
Image_6140.jpg,CRECENT
Image_6143.jpg,CABBAGE WHITE
Image_6149.jpg,RED SPOTTED PURPLE
Image_6150.jpg,CLODIUS PARNASSIAN
Image_6151.jpg,PAPER KITE
Image_6152.jpg,INDRA SWALLOW
Image_6153.jpg,MANGROVE SKIPPER
Image_6154.jpg,RED CRACKER
Image_6156.jpg,COMMON WOOD-NYMPH
Image_6159.jpg,EASTERN COMA
Image_6161.jpg,MOURNING CLOAK
Image_6165.jpg,GOLD BANDED
Image_6166.jpg,SLEEPY ORANGE
Image_6171.jpg,RED ADMIRAL
Image_6172.jpg,RED SPOTTED PURPLE
Image_6173.jpg,CRECENT
Image_6179.jpg,BANDED ORANGE HELICONIAN
Image_6181.jpg,MONARCH
Image_6184.jpg,SILVER SPOT SKIPPER
Image_6185.jpg,COMMON BANDED AWL
Image_6188.jpg,POPINJAY
Image_6189.jpg,BECKERS WHITE
Image_6190.jpg,COMMON BANDED AWL
Image_6191.jpg,RED CRACKER
Image_6193.jpg,IPHICLUS SISTER
Image_6202.jpg,SOUTHERN DOGFACE
Image_6203.jpg,MANGROVE SKIPPER
Image_6204.jpg,QUESTION MARK
Image_6206.jpg,EASTERN COMA
Image_6207.jpg,ZEBRA LONG WING
Image_6211.jpg,CLEOPATRA
Image_6212.jpg,AFRICAN GIANT SWALLOWTAIL
Image_6214.jpg,CLEOPATRA
Image_6217.jpg,GREY HAIRSTREAK
Image_6219.jpg,RED ADMIRAL
Image_6220.jpg,MANGROVE SKIPPER
Image_6222.jpg,CABBAGE WHITE
Image_6224.jpg,RED SPOTTED PURPLE
Image_6226.jpg,QUESTION MARK
Image_6227.jpg,MILBERTS TORTOISESHELL
Image_6229.jpg,MONARCH
Image_6230.jpg,TWO BARRED FLASHER
Image_6232.jpg,PIPEVINE SWALLOW
Image_6233.jpg,CRECENT
Image_6237.jpg,GREEN CELLED CATTLEHEART
Image_6240.jpg,SCARCE SWALLOW
Image_6241.jpg,BLACK HAIRSTREAK
Image_6243.jpg,ZEBRA LONG WING
Image_6244.jpg,PURPLE HAIRSTREAK
Image_6245.jpg,SCARCE SWALLOW
Image_6246.jpg,AMERICAN SNOOT
Image_6248.jpg,CLEOPATRA
Image_6249.jpg,PAPER KITE
Image_6250.jpg,RED SPOTTED PURPLE
Image_6251.jpg,PIPEVINE SWALLOW
Image_6253.jpg,CLODIUS PARNASSIAN
Image_6254.jpg,CABBAGE WHITE
Image_6256.jpg,CRIMSON PATCH
Image_6257.jpg,BROWN SIPROETA
Image_6258.jpg,POPINJAY
Image_6259.jpg,PURPLISH COPPER
Image_6262.jpg,GREAT JAY
Image_6264.jpg,MESTRA
Image_6266.jpg,RED SPOTTED PURPLE
Image_6272.jpg,COPPER TAIL
Image_6273.jpg,ELBOWED PIERROT
Image_6274.jpg,WOOD SATYR
Image_6275.jpg,PINE WHITE
Image_6279.jpg,ULYSES
Image_6280.jpg,PURPLE HAIRSTREAK
Image_6286.jpg,SLEEPY ORANGE
Image_6288.jpg,PURPLISH COPPER
Image_6290.jpg,ORANGE OAKLEAF
Image_6294.jpg,ORANGE TIP
Image_6295.jpg,SOUTHERN DOGFACE
Image_6297.jpg,APPOLLO
Image_6298.jpg,PINE WHITE
Image_6303.jpg,SCARCE SWALLOW
Image_6304.jpg,ATALA
Image_6308.jpg,IPHICLUS SISTER
Image_6310.jpg,RED ADMIRAL
Image_6311.jpg,SLEEPY ORANGE
Image_6315.jpg,BLUE SPOTTED CROW
Image_6316.jpg,RED CRACKER
Image_6320.jpg,RED CRACKER
Image_6322.jpg,ATALA
Image_6324.jpg,AN 88
Image_6331.jpg,ORANGE TIP
Image_6334.jpg,ORANGE TIP
Image_6338.jpg,BLACK HAIRSTREAK
Image_6339.jpg,GREAT EGGFLY
Image_6342.jpg,CLOUDED SULPHUR
Image_6343.jpg,BANDED ORANGE HELICONIAN
Image_6345.jpg,GOLD BANDED
Image_6347.jpg,MESTRA
Image_6349.jpg,EASTERN DAPPLE WHITE
Image_6351.jpg,CRECENT
Image_6352.jpg,INDRA SWALLOW
Image_6359.jpg,CRIMSON PATCH
Image_6361.jpg,CHECQUERED SKIPPER
Image_6363.jpg,INDRA SWALLOW
Image_6365.jpg,CLEOPATRA
Image_6367.jpg,INDRA SWALLOW
Image_6368.jpg,BLUE SPOTTED CROW
Image_6369.jpg,STRAITED QUEEN
Image_6370.jpg,PURPLISH COPPER
Image_6373.jpg,PURPLE HAIRSTREAK
Image_6374.jpg,SOOTYWING
Image_6375.jpg,GREAT JAY
Image_6376.jpg,CHESTNUT
Image_6377.jpg,BECKERS WHITE
Image_6378.jpg,ORANGE OAKLEAF
Image_6381.jpg,METALMARK
Image_6383.jpg,COMMON WOOD-NYMPH
Image_6385.jpg,PEACOCK
Image_6388.jpg,BANDED PEACOCK
Image_6389.jpg,RED SPOTTED PURPLE
Image_6397.jpg,CHESTNUT
Image_6399.jpg,CLOUDED SULPHUR
Image_6400.jpg,SOUTHERN DOGFACE
Image_6403.jpg,YELLOW SWALLOW TAIL
Image_6405.jpg,PIPEVINE SWALLOW
Image_6406.jpg,CLEOPATRA
Image_6407.jpg,GREEN CELLED CATTLEHEART
Image_6409.jpg,APPOLLO
Image_6410.jpg,CRECENT
Image_6411.jpg,MESTRA
Image_6412.jpg,BANDED PEACOCK
Image_6414.jpg,APPOLLO
Image_6415.jpg,GREY HAIRSTREAK
Image_6416.jpg,MALACHITE
Image_6417.jpg,SOOTYWING
Image_6419.jpg,STRAITED QUEEN
Image_6421.jpg,MOURNING CLOAK
Image_6423.jpg,SILVER SPOT SKIPPER
Image_6424.jpg,PAPER KITE
Image_6428.jpg,PURPLISH COPPER
Image_6429.jpg,EASTERN DAPPLE WHITE
Image_6430.jpg,CHECQUERED SKIPPER
Image_6431.jpg,RED ADMIRAL
Image_6437.jpg,EASTERN DAPPLE WHITE
Image_6438.jpg,BECKERS WHITE
Image_6441.jpg,YELLOW SWALLOW TAIL
Image_6442.jpg,PAPER KITE
Image_6443.jpg,SCARCE SWALLOW
Image_6444.jpg,BLUE MORPHO
Image_6445.jpg,BECKERS WHITE
Image_6447.jpg,ATALA
Image_6448.jpg,COMMON BANDED AWL
Image_6449.jpg,EASTERN DAPPLE WHITE
Image_6451.jpg,PEACOCK
Image_6455.jpg,BLUE SPOTTED CROW
Image_6458.jpg,MALACHITE
Image_6460.jpg,SLEEPY ORANGE
Image_6462.jpg,BROWN SIPROETA
Image_6468.jpg,VICEROY
Image_6470.jpg,GREEN CELLED CATTLEHEART
Image_6477.jpg,MESTRA
Image_6478.jpg,CLODIUS PARNASSIAN
Image_6480.jpg,CHESTNUT
Image_6482.jpg,ATALA
Image_6483.jpg,MALACHITE
Image_6484.jpg,CAIRNS BIRDWING
Image_6485.jpg,PIPEVINE SWALLOW
Image_6486.jpg,CABBAGE WHITE
Image_6487.jpg,RED SPOTTED PURPLE
Image_6488.jpg,RED POSTMAN
Image_6491.jpg,YELLOW SWALLOW TAIL
Image_6493.jpg,IPHICLUS SISTER
Image_6496.jpg,MOURNING CLOAK
Image_6498.jpg,ELBOWED PIERROT
Image_6499.jpg,ATALA
